Movie_ID,Genre,Release_Year,Runtime_Minutes,Budget_Million,Marketing_Million,Opening_Weekend_Million,Theater_Count,IMDb_Rating,Critic_Score,Audience_Score,Star_Power,Franchise,Sequel,Box_Office_Revenue_Million
1,Romance,2010,86,99.97,48.67,43.05,2708,7.4,88,82,2.5,No,No,391.62
2,Horror,2024,79,78.77,29.11,49.05,2333,6.6,84,69,3.8,No,No,343.03
3,Thriller,2017,78,58.76,13.97,39.01,3382,8.1,94,99,6.1,No,No,396.14
4,Sci-Fi,2021,137,46.03,7.52,24.2,2018,7.1,74,73,6.4,No,No,412.06
5,Romance,2020,128,63.07,14.88,39.35,3289,9.0,85,99,2.3,No,No,243.29
6,Fantasy,2021,100,97.47,30.84,33.96,2971,7.2,77,99,3.4,No,No,593.05
7,Drama,2021,132,143.54,65.14,74.86,2691,5.2,50,69,6.0,Yes,Yes,697.85
8,Romance,2013,103,148.08,33.34,44.84,3298,5.2,51,68,6.8,No,No,426.2
9,Thriller,2025,121,70.04,30.67,22.76,2278,7.6,68,99,3.2,No,No,329.41
10,Sci-Fi,2013,105,49.18,24.43,37.2,2364,8.1,90,99,5.2,No,No,505.04
11,Horror,2014,113,60.48,20.05,52.17,1987,6.5,89,82,9.2,Yes,Yes,575.49
12,Thriller,2017,97,77.22,36.96,67.34,3340,8.8,98,97,10.0,No,No,704.72
13,Thriller,2014,100,77.02,28.64,56.77,2956,8.4,91,96,9.9,Yes,Yes,890.0
14,Drama,2017,126,128.71,52.11,76.47,2974,7.3,81,84,9.1,No,No,507.87
15,Animation,2024,129,217.58,78.44,74.51,4623,7.5,53,83,5.2,Yes,No,1200.0
16,Sci-Fi,2019,107,48.13,16.14,32.89,2270,7.8,82,92,7.5,No,No,543.36
17,Comedy,2010,84,223.33,54.46,99.2,4359,8.6,80,99,5.3,No,No,825.08
18,Thriller,2021,164,117.84,31.97,53.97,2880,7.6,85,77,7.2,No,No,585.8
19,Animation,2024,116,51.51,13.7,40.49,2461,7.3,78,99,4.5,Yes,No,693.26
20,Comedy,2019,121,145.68,54.68,77.65,3070,7.6,75,92,6.8,Yes,Yes,1004.37
21,Sci-Fi,2018,90,164.52,32.57,107.32,3328,7.5,84,85,6.2,Yes,No,1200.0
22,Action,2015,139,40.78,21.07,34.73,2252,7.8,87,92,2.2,Yes,Yes,742.4
23,Fantasy,2012,142,169.57,74.32,108.25,2991,5.8,81,78,8.3,No,No,1106.75
24,Animation,2022,81,110.62,34.36,40.15,2595,7.4,89,73,2.1,Yes,Yes,994.85
25,Adventure,2023,113,256.44,54.74,140.05,4000,7.5,85,86,4.3,No,No,1200.0
26,Action,2017,111,41.75,20.99,25.26,2291,7.0,69,71,2.0,Yes,No,533.09
27,Fantasy,2018,163,43.71,20.96,38.21,2178,7.7,74,99,5.0,No,No,412.01
28,Drama,2015,144,14.73,6.46,16.64,2519,8.6,98,99,2.5,No,No,195.33
29,Romance,2020,86,79.73,20.62,51.05,2941,7.2,78,73,9.3,Yes,No,471.49
30,Horror,2016,100,70.19,21.83,48.42,2334,7.7,87,99,5.3,No,No,372.63
31,Adventure,2010,97,38.14,7.29,19.44,2834,8.4,98,91,5.7,Yes,Yes,758.94
32,Drama,2023,122,52.15,11.77,22.48,3206,7.2,65,82,4.8,Yes,Yes,315.34
33,Sci-Fi,2014,146,23.45,10.86,25.55,989,6.4,86,75,7.0,No,No,382.07
34,Drama,2014,117,119.86,52.26,44.14,3345,7.6,94,80,8.3,No,No,456.63
35,Romance,2019,125,40.01,15.5,25.17,1814,5.3,40,67,7.2,No,No,190.15
36,Sci-Fi,2023,102,300.0,120.0,168.5,4900,5.3,85,45,8.0,No,No,1200.0
37,Adventure,2013,125,49.07,18.81,56.58,2861,7.4,85,96,9.2,No,No,685.21
38,Romance,2015,106,33.57,11.31,25.02,1664,5.2,55,54,8.9,No,No,170.25
39,Comedy,2016,82,42.07,12.04,26.39,1252,6.0,73,68,7.4,No,No,215.17
40,Horror,2018,124,21.97,11.56,11.51,2415,6.8,66,87,3.7,No,No,176.63
41,Adventure,2010,115,75.25,13.78,36.36,2545,6.5,78,75,7.1,Yes,Yes,902.46
42,Comedy,2024,93,41.86,21.87,35.96,1343,7.0,70,81,6.0,Yes,Yes,471.62
43,Fantasy,2015,148,114.74,55.15,74.76,4097,8.0,98,83,7.7,No,No,1007.67
44,Adventure,2016,100,46.0,9.29,57.9,2526,7.3,82,99,8.7,No,No,652.88
45,Fantasy,2012,127,135.26,50.86,71.11,3352,6.4,78,81,7.9,Yes,No,1200.0
46,Sci-Fi,2017,108,89.99,44.69,48.81,3293,8.2,82,84,8.8,No,No,796.53
47,Comedy,2024,146,56.03,21.22,34.67,2014,6.0,76,74,2.5,Yes,Yes,429.11
48,Horror,2014,110,153.62,78.79,89.4,3248,7.3,81,75,2.3,No,No,572.79
49,Romance,2024,82,102.14,53.85,28.83,2060,5.9,53,87,4.1,Yes,Yes,514.9
50,Thriller,2018,131,300.0,95.69,100.81,4196,7.3,79,87,9.2,No,No,1135.81
51,Drama,2014,146,42.15,12.68,41.43,2372,6.8,95,71,8.6,No,No,310.21
52,Action,2018,106,57.81,30.32,55.33,1488,8.0,97,98,7.5,Yes,Yes,1144.78
53,Horror,2019,129,152.47,64.05,100.87,2854,7.7,81,86,7.6,No,No,601.27
54,Comedy,2013,118,20.17,3.96,16.91,1518,6.6,55,66,7.8,No,No,236.59
55,Thriller,2018,107,129.46,21.61,61.82,3036,6.5,65,80,9.5,Yes,Yes,982.34
56,Horror,2014,132,73.18,27.5,54.21,2746,6.8,62,83,8.7,Yes,No,441.94
57,Comedy,2019,99,30.88,16.12,27.45,2449,8.6,76,99,7.0,Yes,Yes,414.95
58,Animation,2018,116,22.68,11.06,29.51,2504,8.4,98,97,7.3,No,No,489.16
59,Animation,2012,120,35.52,14.93,29.24,2806,6.3,72,76,3.7,No,No,398.3
60,Fantasy,2024,119,12.46,2.56,38.62,2216,7.7,98,90,7.3,Yes,No,546.77
61,Horror,2013,99,40.01,10.07,30.68,3104,5.7,55,83,5.4,No,No,248.18
62,Animation,2018,156,82.43,41.23,60.25,2602,6.7,75,76,3.2,Yes,Yes,1015.91
63,Comedy,2019,140,40.36,9.01,38.63,2077,6.4,58,80,8.5,No,No,277.54
64,Fantasy,2020,135,135.6,35.44,60.97,3324,8.0,82,98,6.1,Yes,Yes,1200.0
65,Comedy,2015,144,161.79,32.66,88.7,3148,6.1,67,76,9.8,No,No,639.08
66,Fantasy,2011,116,126.03,52.99,72.54,3861,7.4,78,83,4.3,No,No,922.52
67,Horror,2016,108,63.9,33.71,32.97,2941,7.1,80,84,5.8,No,No,342.16
68,Thriller,2011,93,12.14,3.13,11.96,2284,7.0,88,81,5.6,No,No,197.79
69,Romance,2020,101,34.81,11.84,20.48,2179,8.4,98,99,3.0,No,No,230.67
70,Adventure,2011,95,50.15,20.25,34.32,2048,8.5,85,93,5.4,No,No,618.37
71,Thriller,2020,104,30.76,16.91,13.36,2428,7.0,78,74,4.3,No,No,297.01
72,Sci-Fi,2010,121,50.23,9.64,30.46,1689,6.8,84,80,3.3,No,No,448.65
73,Comedy,2025,133,156.63,54.73,75.8,3977,5.9,77,70,4.3,No,No,610.2
74,Sci-Fi,2020,133,18.87,5.74,23.59,1881,7.1,72,85,3.9,No,No,336.66
75,Thriller,2020,92,178.56,88.62,114.94,3560,8.7,98,95,7.9,No,No,1016.37
76,Fantasy,2021,129,97.75,33.27,55.32,2225,7.0,81,83,2.2,No,No,626.57
77,Adventure,2020,138,65.48,12.73,46.73,2751,7.7,74,90,6.9,Yes,Yes,1072.4
78,Adventure,2012,110,34.59,13.97,31.55,1884,6.0,76,80,8.1,No,No,493.54
79,Action,2015,139,31.16,14.28,24.47,2405,6.8,78,81,5.8,No,No,421.86
80,Adventure,2017,133,19.11,2.89,22.51,2351,7.5,66,88,9.5,No,No,423.65
81,Romance,2018,90,167.88,82.86,110.13,2987,7.2,77,89,7.7,No,No,652.65
82,Adventure,2016,159,149.42,33.53,53.04,2583,7.8,86,98,8.0,No,No,997.5
83,Thriller,2013,101,22.05,8.18,16.21,2764,6.6,68,69,3.6,Yes,Yes,351.97
84,Action,2015,134,38.4,12.15,24.67,2049,5.7,77,58,8.2,No,No,465.07
85,Thriller,2014,133,72.88,31.91,61.04,2568,8.0,98,99,8.7,No,No,588.97
86,Thriller,2017,91,45.27,13.51,29.4,2450,6.4,68,82,4.9,No,No,255.0
87,Drama,2010,119,15.8,7.87,32.15,1315,7.5,78,85,3.7,Yes,Yes,247.59
88,Action,2010,133,35.87,15.86,19.33,2354,7.5,82,87,5.1,Yes,Yes,637.81
89,Thriller,2022,90,195.49,79.97,103.87,3609,5.8,64,66,7.9,Yes,Yes,1200.0
90,Drama,2024,117,37.48,17.56,29.13,1816,7.9,81,93,5.3,No,No,290.95
91,Drama,2020,135,49.46,22.34,24.09,1667,6.6,37,69,7.9,No,No,237.54
92,Action,2015,136,26.13,4.3,25.77,2338,7.1,97,91,2.9,Yes,No,485.71
93,Sci-Fi,2019,107,80.59,24.81,50.24,3089,6.8,76,82,8.4,No,No,695.84
94,Fantasy,2021,146,59.27,30.96,34.71,2423,8.4,90,98,4.0,No,No,562.08
95,Romance,2011,141,33.95,6.8,39.7,1388,8.2,93,86,4.0,No,No,299.92
96,Fantasy,2014,120,23.55,10.48,6.56,1483,5.7,64,74,6.7,No,No,229.93
97,Adventure,2010,102,137.04,73.98,66.67,2817,8.9,93,93,2.6,No,No,1085.43
98,Romance,2016,92,19.37,3.31,7.63,2757,6.6,64,72,2.2,Yes,Yes,158.43
99,Adventure,2010,123,76.31,32.27,43.44,2363,8.8,78,99,4.1,No,No,704.34
100,Thriller,2013,144,13.56,4.57,25.63,1688,6.9,63,99,6.3,Yes,Yes,341.52
101,Comedy,2018,112,87.1,33.24,26.47,1747,6.8,65,82,9.3,No,No,339.82
102,Action,2010,98,103.34,19.03,62.83,2402,6.9,84,58,8.8,No,No,807.9
103,Romance,2013,131,112.05,18.74,46.31,2192,6.8,83,74,5.9,Yes,No,476.82
104,Romance,2015,118,49.53,20.64,16.03,1744,9.1,90,99,2.3,Yes,Yes,334.03
105,Thriller,2015,125,154.0,73.82,74.89,3246,7.0,51,72,6.3,No,No,739.69
106,Sci-Fi,2021,104,246.51,114.09,104.52,3818,6.9,77,88,7.6,No,No,1200.0
107,Drama,2024,108,44.62,16.4,13.8,3051,7.2,76,85,4.7,No,No,214.64
108,Thriller,2022,104,41.02,7.79,12.96,2708,6.3,67,84,2.9,Yes,No,306.44
109,Animation,2017,125,60.6,25.77,37.42,2041,8.4,98,91,4.2,Yes,Yes,889.27
110,Drama,2010,108,40.32,9.95,25.33,1704,5.9,68,65,8.2,No,No,205.21
111,Action,2016,127,36.66,18.86,23.05,2821,6.6,64,83,4.8,Yes,Yes,645.65
112,Drama,2010,103,38.8,18.83,41.86,2979,7.8,74,90,8.5,No,No,260.42
113,Sci-Fi,2025,125,167.77,72.77,79.48,2213,7.1,76,82,4.6,Yes,Yes,1200.0
114,Drama,2022,129,90.84,48.1,43.85,2664,7.5,74,99,3.3,No,No,336.36
115,Action,2023,122,40.23,6.54,18.93,2036,8.3,90,99,5.5,Yes,Yes,647.36
116,Sci-Fi,2016,133,11.15,4.96,24.39,2225,7.9,97,73,5.6,Yes,Yes,600.54
117,Fantasy,2012,105,20.15,5.68,30.57,2953,7.2,66,91,2.1,No,No,260.33
118,Romance,2020,129,76.29,39.09,29.15,2245,8.8,97,99,2.9,No,No,365.46
119,Romance,2017,120,13.85,3.55,3.45,894,6.6,83,89,3.5,Yes,No,168.64
120,Adventure,2012,99,66.54,29.27,35.98,2688,7.0,77,74,2.9,Yes,No,774.18
121,Fantasy,2023,77,27.51,13.78,25.75,2743,7.1,86,86,4.7,Yes,Yes,628.64
122,Fantasy,2025,81,58.38,9.73,36.98,2174,7.0,75,83,9.7,No,No,493.18
123,Drama,2023,75,57.33,17.72,22.45,1963,6.2,72,65,6.1,No,No,253.67
124,Romance,2022,124,59.48,27.06,37.86,2117,5.8,70,79,7.0,Yes,No,361.26
125,Action,2010,109,42.56,14.13,34.61,2608,7.4,76,84,4.9,No,No,429.59
126,Horror,2022,117,41.66,10.7,37.62,1948,6.6,94,88,4.6,No,No,217.12
127,Horror,2022,111,34.43,8.19,10.8,2274,8.6,98,91,2.2,No,No,175.75
128,Sci-Fi,2023,127,75.33,15.26,38.66,2492,7.0,91,69,6.0,No,No,618.31
129,Romance,2025,127,92.82,45.75,61.99,2598,6.9,88,79,5.9,Yes,Yes,605.25
130,Romance,2017,116,24.9,9.47,25.16,2375,8.0,91,94,3.3,Yes,Yes,280.72
131,Horror,2012,117,53.18,9.6,36.4,2039,7.4,96,81,8.1,Yes,Yes,476.48
132,Romance,2011,118,62.5,18.94,35.39,2147,7.0,80,54,5.9,No,No,285.39
133,Drama,2010,143,61.98,18.41,51.16,2757,6.6,67,81,4.7,No,No,284.86
134,Animation,2023,75,61.3,13.65,22.3,1858,9.5,98,99,3.2,No,No,469.99
135,Comedy,2012,102,42.35,13.73,27.39,1741,7.4,72,92,6.4,Yes,Yes,430.39
136,Fantasy,2024,132,65.94,18.65,48.55,1763,8.0,67,89,8.0,No,No,584.04
137,Adventure,2011,137,82.19,23.57,11.14,2964,6.3,62,71,4.3,Yes,Yes,729.76
138,Sci-Fi,2011,124,60.28,26.86,26.68,2290,6.6,75,91,3.8,Yes,Yes,714.89
139,Animation,2015,111,76.42,18.29,48.55,1831,8.8,98,86,6.2,No,No,678.11
140,Horror,2021,152,104.7,42.59,39.16,3169,8.2,81,92,3.2,Yes,Yes,608.43
141,Fantasy,2010,119,16.51,6.25,36.21,1671,7.5,93,88,7.3,Yes,No,509.99
142,Romance,2011,116,101.55,38.31,51.69,2278,6.8,64,85,6.8,No,No,332.74
143,Adventure,2023,142,68.71,28.53,23.79,2321,6.9,68,83,2.7,Yes,Yes,782.81
144,Romance,2015,125,26.7,9.86,12.85,2780,6.6,88,70,2.3,Yes,Yes,225.65
145,Action,2012,134,92.66,46.49,63.18,2436,6.2,70,85,7.0,Yes,Yes,1200.0
146,Action,2024,136,42.45,17.84,23.74,2470,7.8,84,90,4.4,No,No,453.24
147,Adventure,2013,108,46.39,17.11,29.5,2581,7.5,85,72,2.7,No,No,439.23
148,Adventure,2010,150,39.54,19.05,21.6,2377,7.7,73,91,8.1,Yes,Yes,790.4
149,Horror,2017,75,66.95,26.28,32.06,3038,6.8,73,84,4.5,No,No,351.54
150,Adventure,2022,75,33.01,8.8,19.37,1744,7.3,81,99,5.7,Yes,No,538.4
151,Drama,2016,101,98.82,23.01,68.35,2168,6.8,88,84,3.9,No,No,317.62
152,Romance,2016,107,50.25,10.6,24.05,1721,6.5,56,64,7.0,No,No,220.06
153,Animation,2012,122,43.41,22.13,37.4,2118,8.4,98,83,4.4,No,No,554.86
154,Thriller,2025,101,89.72,38.94,48.54,2134,7.2,79,95,9.7,No,No,486.72
155,Adventure,2019,115,44.68,23.45,40.01,2276,7.5,72,80,7.6,No,No,565.65
156,Sci-Fi,2019,111,101.86,39.86,67.04,2755,7.8,73,76,3.1,No,No,817.95
157,Action,2012,155,103.97,35.28,61.63,3245,7.2,83,93,5.3,No,No,843.97
158,Drama,2023,99,23.1,4.02,8.6,2153,7.3,68,81,5.1,No,No,180.91
159,Fantasy,2011,81,113.11,47.35,56.03,2610,6.2,64,83,6.3,No,No,737.11
160,Thriller,2021,137,21.26,8.14,36.39,2197,6.4,70,68,8.7,No,No,326.67
161,Animation,2010,101,117.78,64.32,82.18,2345,6.3,82,88,6.7,Yes,No,1200.0
162,Thriller,2016,113,205.57,50.5,110.73,3631,7.6,94,96,2.5,Yes,Yes,1200.0
163,Adventure,2016,102,97.12,35.19,37.9,2834,7.2,74,77,7.2,No,No,794.73
164,Horror,2021,130,13.54,5.56,9.8,1987,6.4,70,61,2.1,No,No,85.87
165,Action,2025,88,109.8,44.78,57.17,2996,7.6,68,99,8.2,No,No,832.74
166,Action,2011,75,236.82,88.69,70.46,3609,7.5,63,85,7.3,Yes,No,1200.0
167,Fantasy,2016,141,45.17,20.81,25.52,2783,6.5,61,70,4.5,Yes,Yes,626.47
168,Horror,2022,120,53.77,12.47,31.87,3195,7.1,90,95,4.3,No,No,210.92
169,Romance,2017,136,25.4,11.18,34.83,1227,7.5,91,96,8.4,No,No,213.05
170,Comedy,2010,140,67.37,26.81,31.85,1799,6.4,76,87,8.3,Yes,No,416.51
171,Drama,2018,97,125.5,63.81,57.49,2951,7.6,69,87,4.8,No,No,483.22
172,Action,2016,116,86.56,42.32,60.16,2451,7.3,74,99,4.4,No,No,720.17
173,Sci-Fi,2012,125,300.0,82.82,157.38,5000,6.3,62,63,6.5,No,No,1200.0
174,Action,2017,113,56.19,14.64,35.06,2416,7.3,79,80,2.1,No,No,399.74
175,Thriller,2016,109,19.06,10.34,1.57,2668,7.4,80,90,2.7,No,No,177.06
176,Action,2020,111,61.46,22.18,24.6,1329,6.6,64,89,3.0,No,No,431.64
177,Action,2024,137,11.43,5.86,17.23,2310,6.7,78,85,3.5,No,No,246.21
178,Comedy,2022,110,38.89,8.38,26.18,1792,6.3,73,74,6.1,Yes,Yes,392.95
179,Comedy,2017,127,158.09,64.36,57.18,2857,6.7,68,75,9.9,No,No,511.36
180,Animation,2015,122,67.94,32.2,61.66,2287,7.1,82,94,7.2,Yes,No,932.24
181,Romance,2018,96,61.8,32.69,25.04,1644,6.7,86,86,2.5,Yes,No,348.39
182,Sci-Fi,2024,121,179.62,51.18,115.57,3638,5.9,81,63,6.2,No,No,1200.0
183,Action,2014,84,46.13,20.3,37.85,2311,6.5,78,69,6.0,No,No,564.35
184,Action,2012,123,124.9,45.65,46.44,3057,6.8,81,75,3.2,No,No,795.65
185,Drama,2012,133,59.82,10.42,39.87,2782,7.8,84,84,9.4,No,No,305.67
186,Comedy,2010,137,70.41,29.99,46.26,3191,7.6,94,97,5.5,No,No,430.74
187,Sci-Fi,2021,96,24.93,10.62,27.91,1843,7.8,75,94,10.0,No,No,496.46
188,Fantasy,2024,104,40.21,21.0,39.72,2401,6.5,82,82,5.4,No,No,533.06
189,Animation,2017,121,22.17,7.74,36.5,2146,7.2,77,86,6.9,Yes,Yes,645.07
190,Romance,2011,105,51.7,12.52,22.99,2454,5.2,75,66,2.8,Yes,Yes,275.87
191,Horror,2012,76,70.89,11.9,45.62,2634,7.4,88,72,5.6,No,No,310.89
192,Romance,2025,104,26.73,8.45,15.82,2836,7.6,83,95,3.9,No,No,163.61
193,Thriller,2017,121,208.37,56.42,102.82,3445,6.8,74,75,8.7,No,No,971.6
194,Action,2023,136,65.9,29.95,60.67,1630,7.3,86,85,8.3,No,No,741.27
195,Animation,2025,149,57.11,16.66,27.68,1965,5.9,72,67,8.6,No,No,439.94
196,Thriller,2017,117,90.7,48.04,65.16,2995,6.5,69,78,7.8,No,No,561.89
197,Sci-Fi,2023,126,32.09,17.17,38.35,2100,7.7,86,94,8.7,No,No,528.68
198,Horror,2020,134,61.17,24.37,23.84,2117,7.5,92,78,3.6,Yes,Yes,377.41
199,Comedy,2025,75,34.51,18.0,17.18,1572,6.8,62,82,5.6,Yes,Yes,298.81
200,Animation,2013,95,151.48,68.82,58.3,3274,7.7,92,85,7.5,Yes,No,1200.0
201,Animation,2013,117,27.64,10.19,34.97,2371,7.2,85,96,7.1,No,No,424.03
202,Action,2014,146,57.31,12.73,51.45,2469,6.7,87,69,7.7,Yes,No,891.13
203,Adventure,2015,128,68.13,22.72,29.51,2287,7.0,71,73,3.8,No,No,541.12
204,Animation,2014,122,71.09,26.61,44.61,2513,6.7,75,76,2.8,No,No,628.41
205,Drama,2023,110,37.7,18.68,36.17,2210,6.2,72,66,9.3,Yes,No,311.93
206,Horror,2024,124,30.73,10.53,35.04,2171,8.1,96,91,6.5,Yes,No,368.55
207,Horror,2016,103,38.05,19.37,22.2,1550,6.6,78,73,3.2,No,No,196.5
208,Drama,2025,99,77.54,32.55,43.81,2597,6.4,60,77,8.3,No,No,353.62
209,Fantasy,2011,101,50.09,10.26,46.87,2031,5.9,70,80,9.3,No,No,481.7
210,Drama,2016,142,92.28,50.57,39.09,3151,5.0,78,63,3.4,No,No,301.89
211,Drama,2019,98,74.99,27.06,47.64,2541,7.7,91,90,8.5,No,No,371.9
212,Horror,2016,107,12.52,3.84,29.46,2330,7.7,98,79,9.5,No,No,218.0
213,Romance,2010,124,64.6,26.72,52.38,2231,8.1,98,92,9.5,No,No,303.47
214,Horror,2016,97,237.49,45.97,96.8,3805,7.0,92,78,9.3,No,No,804.65
215,Adventure,2014,120,130.16,52.66,77.89,3719,6.8,79,86,6.4,Yes,Yes,1200.0
216,Action,2012,120,72.36,25.27,25.32,2669,6.7,80,72,4.8,No,No,527.12
217,Thriller,2025,103,27.63,8.64,23.56,1691,6.8,79,72,2.1,No,No,212.83
218,Romance,2022,110,75.02,39.85,43.89,2924,8.0,88,95,2.5,Yes,Yes,541.26
219,Comedy,2012,96,88.96,31.94,60.65,2334,7.1,86,99,5.4,Yes,Yes,713.31
220,Thriller,2013,143,46.64,11.08,29.29,2333,7.4,77,84,5.2,No,No,318.47
221,Action,2022,120,67.57,22.54,25.37,3326,6.7,94,81,3.5,Yes,Yes,795.78
222,Adventure,2021,94,146.73,75.97,66.89,2405,8.2,81,99,5.2,Yes,Yes,1200.0
223,Adventure,2011,118,31.5,6.94,14.34,1996,5.6,72,73,3.4,No,No,275.91
224,Comedy,2011,118,27.64,6.51,26.5,2253,6.1,83,78,8.8,No,No,227.72
225,Romance,2010,75,86.28,13.39,55.33,2959,7.4,80,85,4.4,No,No,346.94
226,Fantasy,2024,142,74.05,11.53,57.28,1846,8.5,82,96,6.8,No,No,678.67
227,Drama,2014,95,107.35,51.72,77.8,1998,6.9,89,74,6.0,No,No,452.06
228,Romance,2013,157,79.65,35.27,31.67,3062,6.4,74,80,2.4,No,No,309.55
229,Fantasy,2020,131,38.03,11.11,42.03,1782,7.9,95,95,9.5,Yes,Yes,801.58
230,Adventure,2019,92,72.84,31.27,47.48,2074,7.4,81,92,6.2,No,No,729.55
231,Horror,2024,109,26.18,8.07,27.5,2811,8.1,98,89,4.6,No,No,193.61
232,Action,2011,133,46.74,24.83,22.73,2256,6.1,48,80,3.3,No,No,426.13
233,Comedy,2012,110,76.26,40.94,51.29,2524,8.1,93,99,4.7,No,No,391.26
234,Action,2016,139,43.51,13.36,1.79,2102,5.9,80,60,2.2,No,No,269.65
235,Sci-Fi,2016,107,273.57,120.0,122.89,3650,6.9,78,78,4.9,No,No,1200.0
236,Sci-Fi,2021,113,16.08,7.38,32.74,2283,7.4,85,97,6.3,Yes,Yes,624.42
237,Romance,2013,134,38.53,10.56,37.33,2351,7.2,76,78,9.0,No,No,266.22
238,Adventure,2014,127,29.9,7.26,36.89,2153,7.9,87,96,7.5,No,No,499.22
239,Adventure,2014,96,34.89,11.63,5.32,2056,5.6,47,68,2.9,No,No,227.01
240,Drama,2015,124,36.21,16.75,34.06,1980,7.2,73,87,3.2,No,No,215.78
241,Drama,2025,118,23.22,12.4,22.62,2465,8.1,81,93,5.4,No,No,218.59
242,Drama,2023,97,89.71,40.86,66.81,2537,7.1,86,90,3.6,Yes,Yes,600.43
243,Horror,2018,87,38.54,18.96,13.26,2115,6.2,64,65,2.2,Yes,No,258.61
244,Thriller,2011,76,61.17,23.93,32.53,2615,7.9,82,83,8.4,No,No,462.71
245,Animation,2014,109,41.46,20.07,6.3,2277,6.6,70,91,2.2,No,No,279.29
246,Thriller,2021,114,35.1,16.28,35.73,2937,6.4,65,95,8.6,Yes,Yes,485.73
247,Action,2012,125,163.09,49.06,90.53,2387,6.3,74,75,3.2,Yes,Yes,1200.0
248,Thriller,2013,131,100.21,37.16,48.95,2852,6.9,81,96,9.8,No,No,481.9
249,Horror,2019,107,16.33,7.71,15.17,1594,7.2,88,77,6.8,No,No,164.65
250,Action,2015,113,15.24,2.57,36.27,1466,6.1,76,68,7.9,No,No,429.43
251,Thriller,2021,100,108.31,51.26,40.59,2546,6.2,76,87,2.9,Yes,Yes,769.63
252,Horror,2017,117,39.23,8.68,40.92,2180,6.5,70,84,8.9,No,No,273.52
253,Animation,2010,134,18.83,6.7,23.06,2019,6.3,67,89,8.7,Yes,Yes,506.28
254,Thriller,2019,117,108.53,51.37,50.46,2018,7.1,70,87,7.2,No,No,564.46
255,Horror,2023,138,61.39,15.44,37.42,2082,7.4,73,77,6.0,No,No,366.1
256,Drama,2017,134,64.77,16.08,44.93,2524,7.3,83,87,7.8,Yes,Yes,536.69
257,Adventure,2020,144,93.09,28.96,38.71,2199,7.3,74,96,2.0,No,No,639.67
258,Drama,2023,118,23.47,11.92,31.76,1454,8.4,98,95,6.7,No,No,173.36
259,Adventure,2016,104,19.05,2.86,34.19,843,7.4,82,83,8.8,No,No,517.07
260,Comedy,2025,127,153.69,78.47,72.11,2852,7.7,98,93,4.9,No,No,607.5
261,Comedy,2025,108,21.61,4.57,4.04,1420,6.8,82,75,2.9,Yes,Yes,195.81
262,Comedy,2010,127,24.85,13.57,15.1,1532,7.9,79,94,5.4,No,No,144.32
263,Animation,2011,102,28.3,15.05,30.1,1919,6.7,74,80,7.8,No,No,401.01
264,Drama,2012,98,212.58,73.95,72.34,3413,7.4,65,82,2.9,No,No,542.68
265,Adventure,2010,139,75.8,26.92,34.26,1899,6.0,70,81,3.6,No,No,507.53
266,Horror,2023,95,103.01,35.29,57.05,1669,7.2,73,90,3.2,No,No,354.59
267,Action,2018,135,62.48,25.25,25.4,2513,6.3,60,72,8.4,No,No,562.53
268,Horror,2017,127,37.19,6.93,21.84,2511,7.8,98,90,2.5,No,No,198.68
269,Action,2011,117,82.9,13.52,51.16,2348,7.8,96,88,7.5,Yes,No,1082.56
270,Sci-Fi,2022,77,20.0,3.46,7.16,1847,6.7,85,73,4.9,No,No,283.87
271,Horror,2018,145,26.99,8.85,26.21,2044,8.7,98,84,8.0,No,No,294.59
272,Thriller,2016,96,88.57,23.05,47.07,3387,6.9,65,77,9.7,Yes,Yes,812.2
273,Thriller,2018,134,22.76,9.08,7.48,1221,5.8,62,64,2.9,Yes,Yes,203.99
274,Romance,2015,101,48.64,26.6,26.63,2031,6.5,70,78,4.5,No,No,260.3
275,Drama,2015,100,50.1,15.26,23.13,1390,6.3,54,79,8.5,Yes,No,208.52
276,Action,2020,128,39.01,14.81,42.7,2332,7.4,76,79,4.1,Yes,No,653.45
277,Action,2023,126,15.47,4.89,13.59,1867,6.1,64,76,3.7,No,No,175.45
278,Drama,2013,92,36.54,17.86,33.91,2230,6.7,76,70,8.6,Yes,Yes,317.19
279,Animation,2019,144,32.17,16.44,48.86,2166,7.4,98,85,9.9,No,No,543.06
280,Romance,2019,111,61.09,30.6,32.86,2845,7.2,80,79,6.5,No,No,250.39
281,Animation,2022,116,59.1,31.9,40.08,2601,7.1,80,90,4.2,No,No,584.66
282,Animation,2022,109,70.32,11.32,32.71,2848,7.2,77,85,5.2,No,No,519.96
283,Animation,2011,93,35.44,17.22,24.25,1586,6.8,83,79,3.4,No,No,275.62
284,Drama,2016,130,77.26,34.82,52.03,3092,5.8,55,64,8.1,No,No,355.43
285,Animation,2014,121,20.0,4.83,25.04,1619,6.8,95,77,8.2,No,No,326.72
286,Thriller,2020,99,16.83,8.96,30.44,1619,7.5,82,99,9.0,No,No,296.69
287,Comedy,2015,134,12.05,2.52,8.06,2044,7.0,74,77,2.2,Yes,No,161.52
288,Sci-Fi,2011,116,39.76,16.77,37.24,2309,7.4,92,90,6.5,No,No,485.46
289,Action,2025,117,33.71,8.09,16.39,1567,6.6,65,77,3.7,No,No,307.96
290,Action,2014,151,91.87,29.63,51.31,2540,7.9,94,95,4.7,No,No,770.73
291,Sci-Fi,2019,83,36.08,15.79,15.6,2869,5.1,73,71,8.3,No,No,368.38
292,Drama,2013,83,65.7,24.66,46.45,1657,7.2,78,81,3.5,No,No,254.8
293,Horror,2018,87,93.31,29.95,54.01,3382,8.2,98,99,7.1,No,No,437.57
294,Drama,2015,122,35.21,9.88,28.52,1996,8.3,97,99,7.2,No,No,235.0
295,Action,2011,108,66.76,32.44,48.24,1232,6.9,84,86,9.6,Yes,No,948.31
296,Action,2010,109,105.49,21.89,39.42,2066,6.0,82,87,8.2,No,No,695.49
297,Sci-Fi,2014,96,24.59,7.92,33.76,1540,8.2,98,98,8.4,No,No,433.41
298,Animation,2018,148,55.9,28.59,23.87,1991,7.1,82,75,6.3,No,No,475.56
299,Drama,2015,155,35.3,17.24,17.29,2065,7.0,86,84,3.5,Yes,Yes,283.73
300,Adventure,2019,133,25.63,7.95,17.9,679,6.4,86,73,5.4,Yes,No,422.98
301,Sci-Fi,2021,85,20.26,9.22,4.55,2076,6.1,57,68,6.4,Yes,Yes,372.91
302,Thriller,2016,105,25.37,12.16,9.26,1501,7.6,67,87,7.4,No,No,213.75
303,Action,2014,132,57.19,28.91,57.59,3010,7.6,83,87,6.9,No,No,701.03
304,Sci-Fi,2019,114,19.3,7.1,14.4,1839,7.3,63,75,5.2,No,No,274.58
305,Drama,2015,133,38.45,8.91,18.02,2617,6.5,70,99,4.1,No,No,208.23
306,Action,2014,140,93.31,23.53,36.8,3195,6.2,73,81,3.3,No,No,579.85
307,Horror,2020,153,73.64,19.76,51.7,3004,6.0,65,74,7.6,No,No,350.25
308,Sci-Fi,2018,102,38.96,15.1,31.92,1867,6.7,74,80,7.2,No,No,409.61
309,Romance,2024,117,164.95,26.91,77.69,2995,6.3,61,86,7.5,No,No,532.4
310,Action,2015,106,188.26,76.14,60.12,3382,5.7,73,88,5.0,No,No,1096.45
311,Drama,2020,75,55.94,16.54,46.57,2622,7.6,73,94,4.1,Yes,Yes,403.13
312,Comedy,2017,129,11.05,2.96,2.49,1644,6.0,47,73,8.1,No,No,124.79
313,Adventure,2011,126,97.86,49.11,29.42,2621,7.9,85,99,8.2,No,No,721.52
314,Fantasy,2021,104,12.38,4.13,17.67,2048,7.4,91,87,5.6,No,No,239.58
315,Animation,2022,83,143.57,26.99,44.18,2640,7.3,82,89,6.9,No,No,820.03
316,Fantasy,2018,107,111.24,53.47,42.4,2317,8.4,80,99,5.0,No,No,777.01
317,Drama,2014,130,174.26,29.46,60.04,3289,6.1,70,70,7.6,Yes,No,674.59
318,Thriller,2016,142,65.14,28.71,33.41,2373,7.8,90,71,8.7,No,No,445.06
319,Thriller,2019,101,43.49,19.99,36.76,2408,6.9,78,77,7.5,No,No,446.02
320,Comedy,2022,137,41.05,11.95,34.02,2505,9.2,97,99,6.1,Yes,Yes,503.69
321,Animation,2010,127,38.56,18.51,23.89,1598,6.8,81,86,5.7,Yes,No,488.42
322,Romance,2019,123,104.07,37.08,65.84,2331,6.7,58,91,7.1,No,No,443.56
323,Comedy,2014,89,87.38,29.3,39.24,2101,7.4,73,82,7.4,No,No,364.82
324,Fantasy,2021,90,59.47,10.0,38.74,3041,6.9,64,95,6.5,No,No,473.51
325,Comedy,2023,98,34.4,9.15,24.33,2049,6.5,86,79,7.0,No,No,181.7
326,Fantasy,2019,108,300.0,120.0,106.84,4508,6.3,78,80,2.8,No,No,1200.0
327,Action,2023,151,99.52,30.53,64.52,2725,8.3,93,99,9.6,Yes,No,1200.0
328,Thriller,2025,102,19.47,7.18,41.49,1617,6.2,55,62,8.3,No,No,303.45
329,Action,2011,130,39.32,14.27,20.96,2936,7.3,88,76,5.0,No,No,434.96
330,Adventure,2021,106,100.78,38.92,85.04,2913,7.9,98,82,6.5,Yes,No,1200.0
331,Animation,2015,124,32.71,5.71,25.89,2114,8.0,94,99,2.4,No,No,353.04
332,Romance,2020,114,69.12,20.38,53.98,1869,6.6,74,75,2.3,No,No,313.25
333,Fantasy,2010,119,102.04,44.82,49.23,2137,6.9,83,99,4.0,Yes,Yes,1098.02
334,Romance,2012,122,6.08,1.4,11.86,1700,6.8,79,80,7.5,No,No,66.96
335,Fantasy,2014,110,51.27,11.87,41.01,1911,5.9,76,58,8.8,No,No,452.92
336,Drama,2013,122,52.59,8.1,31.12,1740,7.5,92,81,6.5,No,No,199.31
337,Comedy,2012,140,42.08,13.68,33.79,1993,7.1,77,84,6.3,Yes,Yes,431.82
338,Adventure,2019,100,66.92,33.67,39.83,2294,8.3,84,99,5.2,No,No,632.48
339,Thriller,2022,139,84.33,14.4,37.0,2630,6.4,68,67,3.3,No,No,408.16
340,Fantasy,2014,110,60.32,13.66,33.08,2091,8.0,93,97,2.9,Yes,No,661.57
341,Romance,2020,108,43.14,11.82,41.82,1684,8.0,85,99,8.1,No,No,304.33
342,Adventure,2017,129,82.97,36.73,68.54,2060,7.1,71,77,9.4,No,No,857.47
343,Horror,2020,108,56.78,23.07,21.75,2918,5.4,62,84,5.7,No,No,210.42
344,Horror,2025,121,47.34,14.98,26.93,1600,6.7,86,74,7.3,No,No,229.94
345,Action,2013,120,23.44,10.63,44.79,2193,8.5,94,88,9.3,Yes,Yes,941.4
346,Thriller,2010,75,19.92,7.85,24.29,2239,7.3,78,71,2.7,No,No,157.56
347,Drama,2020,123,23.15,11.77,28.93,1948,7.7,88,99,8.2,No,No,236.81
348,Romance,2016,86,65.91,31.45,47.53,3277,7.0,79,82,6.9,No,No,300.69
349,Comedy,2017,88,52.24,13.12,42.85,2521,6.9,58,77,6.8,No,No,293.64
350,Comedy,2012,122,21.01,5.43,17.66,2911,5.6,71,55,4.3,No,No,182.11
351,Romance,2015,126,83.7,16.75,63.75,2228,7.7,89,85,7.5,No,No,325.33
352,Animation,2011,139,134.37,38.27,74.57,2692,8.0,88,99,8.4,No,No,967.91
353,Drama,2016,93,37.27,20.49,23.24,2399,6.3,82,56,2.9,No,No,177.67
354,Adventure,2024,100,17.74,5.54,22.45,1829,7.0,90,76,6.3,No,No,364.53
355,Fantasy,2017,124,34.69,8.26,26.51,2955,6.8,84,96,2.8,Yes,No,456.91
356,Animation,2015,139,95.85,43.61,86.41,2834,7.4,73,97,9.0,Yes,Yes,1200.0
357,Fantasy,2015,119,78.56,28.83,29.97,1985,6.7,67,74,6.1,No,No,503.06
358,Fantasy,2014,97,30.2,6.34,29.61,1203,7.8,97,92,8.5,Yes,Yes,658.26
359,Animation,2017,145,147.83,44.69,62.56,3091,7.2,61,88,4.9,No,No,908.52
360,Action,2010,110,132.12,41.72,48.51,2945,5.1,58,64,3.0,Yes,No,1035.86
361,Horror,2019,110,34.15,15.42,18.78,2264,7.5,87,99,2.3,Yes,Yes,311.52
362,Fantasy,2013,86,33.93,5.37,5.36,2711,7.9,69,94,4.3,No,No,298.98
363,Animation,2024,129,37.41,9.64,18.83,2676,6.2,72,84,4.0,No,No,319.86
364,Animation,2013,132,39.55,14.12,48.98,1866,7.4,92,88,6.5,No,No,478.14
365,Sci-Fi,2012,101,102.02,26.27,50.21,2071,8.6,79,80,2.2,No,No,751.36
366,Action,2012,150,72.52,29.11,38.84,1836,7.2,97,73,6.2,No,No,696.81
367,Thriller,2013,103,97.26,33.34,56.27,2307,8.0,78,83,5.1,Yes,Yes,810.99
368,Sci-Fi,2020,128,85.21,25.11,37.4,2384,6.7,81,77,6.6,Yes,Yes,989.3
369,Sci-Fi,2010,119,167.63,88.79,78.93,3461,7.1,78,99,7.6,No,No,1194.33
370,Romance,2023,75,27.63,11.13,30.87,1648,6.9,78,84,7.1,No,No,180.74
371,Horror,2020,126,70.43,14.23,52.62,2574,6.8,63,79,9.9,No,No,365.19
372,Animation,2022,124,13.39,5.01,15.7,2102,7.0,91,93,3.1,No,No,344.54
373,Horror,2020,80,23.37,10.8,22.3,2082,5.8,69,57,5.4,Yes,Yes,316.08
374,Drama,2011,146,52.39,22.71,25.34,1707,6.8,92,76,5.4,Yes,Yes,408.1
375,Romance,2018,124,72.18,15.8,37.28,2684,8.2,77,88,5.3,No,No,317.19
376,Thriller,2019,140,51.48,27.75,39.32,3304,6.3,69,79,7.3,No,No,360.7
377,Horror,2011,81,38.04,12.54,27.02,2265,6.2,72,82,5.9,Yes,Yes,369.36
378,Comedy,2014,107,42.7,9.12,24.29,708,7.1,80,87,6.1,No,No,124.54
379,Fantasy,2018,139,133.95,29.75,63.51,3626,7.2,87,88,5.5,Yes,No,1138.77
380,Drama,2018,84,42.85,8.11,34.64,1834,7.4,80,83,9.9,No,No,300.22
381,Action,2017,107,171.46,80.83,94.31,4476,7.0,98,85,9.4,No,No,1200.0
382,Thriller,2010,123,92.15,18.32,52.57,2688,7.2,80,76,4.5,No,No,529.03
383,Drama,2010,77,74.05,14.81,36.17,1624,6.8,47,86,2.9,No,No,188.18
384,Fantasy,2018,89,25.32,12.41,24.9,996,6.1,70,68,8.7,No,No,394.05
385,Romance,2022,143,101.01,29.07,62.67,3479,7.0,91,72,10.0,No,No,432.23
386,Fantasy,2020,116,39.9,6.48,36.2,2712,7.7,76,89,4.3,Yes,Yes,707.15
387,Sci-Fi,2017,139,25.3,4.32,19.71,3141,7.5,73,70,4.9,Yes,Yes,592.01
388,Fantasy,2019,119,76.76,15.88,47.58,2496,5.7,57,82,9.5,Yes,Yes,957.18
389,Sci-Fi,2018,164,22.31,5.25,32.0,1973,7.3,70,92,7.7,No,No,446.87
390,Romance,2016,124,33.51,13.94,26.32,1910,6.4,67,79,4.4,No,No,203.27
391,Adventure,2012,140,54.64,11.63,41.67,1963,8.2,98,79,6.6,No,No,668.84
392,Sci-Fi,2012,110,232.6,45.95,99.54,3697,7.4,97,80,9.6,No,No,1200.0
393,Action,2011,119,35.19,16.04,25.88,2225,7.8,62,90,8.5,Yes,Yes,785.28
394,Fantasy,2014,128,40.83,17.08,39.45,1746,7.1,75,81,7.9,No,No,474.86
395,Fantasy,2021,131,88.53,28.7,50.17,1762,7.0,81,67,7.9,No,No,632.67
396,Action,2021,114,24.59,9.09,7.88,2101,8.3,93,83,3.4,No,No,335.46
397,Comedy,2012,115,73.34,20.15,78.35,2027,7.9,98,88,8.6,Yes,Yes,743.07
398,Animation,2023,125,120.44,41.31,63.53,1264,7.2,60,72,4.2,No,No,816.6
399,Adventure,2015,125,45.05,15.89,46.7,2482,6.9,51,93,9.4,No,No,611.19
400,Thriller,2011,94,107.16,32.67,56.44,2210,5.7,86,73,4.9,No,No,475.05
401,Sci-Fi,2021,119,66.47,34.07,46.93,2729,7.4,90,79,8.9,No,No,751.57
402,Action,2012,121,34.21,5.35,19.47,2427,7.0,72,93,4.1,No,No,354.08
403,Romance,2014,95,48.36,22.38,61.16,2377,7.5,85,96,6.1,Yes,No,404.87
404,Sci-Fi,2021,133,42.97,8.58,23.91,3435,7.8,88,93,2.9,Yes,No,622.02
405,Animation,2020,123,51.95,24.37,41.69,2199,8.1,83,93,7.3,Yes,Yes,934.64
406,Romance,2020,162,60.74,24.08,44.98,2204,7.4,83,83,8.7,Yes,No,498.18
407,Drama,2010,114,80.61,39.28,38.61,2867,6.3,75,70,7.7,No,No,321.41
408,Fantasy,2022,138,76.55,14.47,36.65,2461,5.4,82,54,6.2,No,No,477.36
409,Drama,2010,126,11.32,4.23,20.76,2482,6.4,82,90,2.4,No,No,84.73
410,Sci-Fi,2019,153,51.63,18.09,48.97,1630,8.2,98,89,9.5,Yes,Yes,992.04
411,Animation,2018,96,20.62,8.92,34.1,1359,8.6,81,98,7.6,No,No,422.39
412,Adventure,2016,105,45.98,16.72,33.38,2597,6.9,74,73,8.0,Yes,Yes,888.35
413,Sci-Fi,2010,96,50.75,18.59,36.99,1674,5.9,69,69,8.4,Yes,Yes,746.74
414,Action,2024,113,103.73,33.38,60.51,3038,6.6,55,99,8.0,No,No,817.58
415,Horror,2021,93,53.93,14.75,36.99,2470,8.0,98,85,5.5,No,No,356.42
416,Sci-Fi,2023,84,65.09,22.32,53.24,2039,6.6,80,91,7.9,No,No,540.17
417,Fantasy,2025,75,92.09,18.18,46.36,2812,7.6,80,88,7.0,Yes,Yes,1030.42
418,Fantasy,2017,75,122.16,65.31,83.51,2282,7.2,78,90,8.8,No,No,927.18
419,Sci-Fi,2012,128,50.77,22.12,48.42,1757,7.7,98,99,8.4,Yes,Yes,947.09
420,Romance,2017,106,58.47,31.05,50.1,2208,8.6,86,99,2.3,Yes,No,461.71
421,Horror,2024,90,55.36,13.32,32.44,2338,7.6,97,85,5.0,No,No,277.21
422,Action,2014,102,38.65,19.39,18.9,1996,7.2,77,82,2.3,Yes,No,585.55
423,Sci-Fi,2010,104,33.36,15.8,17.82,2317,8.6,98,97,2.8,Yes,No,551.58
424,Romance,2016,96,12.56,5.29,23.42,2107,7.4,83,99,6.8,No,No,146.63
425,Fantasy,2014,147,27.32,10.93,33.97,2811,6.5,95,64,9.0,No,No,461.56
426,Fantasy,2015,143,17.31,4.79,20.4,1908,7.6,75,72,3.0,No,No,304.53
427,Animation,2025,147,124.36,59.27,93.29,3517,7.5,77,72,5.6,No,No,1049.63
428,Sci-Fi,2015,119,62.17,21.8,27.83,2820,6.9,62,73,9.3,Yes,Yes,871.81
429,Horror,2017,121,50.68,9.04,30.86,3403,6.7,64,85,8.5,Yes,Yes,372.08
430,Comedy,2018,102,34.5,9.49,26.36,2047,6.9,84,88,6.2,Yes,Yes,352.33
431,Horror,2011,98,56.07,29.39,43.85,2094,6.7,91,74,8.2,No,No,387.93
432,Fantasy,2018,115,31.69,15.54,31.6,2714,6.9,85,81,6.2,No,No,388.24
433,Fantasy,2021,128,61.59,33.43,24.65,2547,6.4,72,66,3.3,No,No,419.84
434,Drama,2024,139,64.53,25.89,26.15,3022,7.4,73,77,3.0,No,No,285.92
435,Fantasy,2020,104,31.42,7.82,32.04,2441,7.3,90,90,3.5,Yes,No,519.81
436,Action,2019,90,31.03,6.68,18.62,1026,7.4,73,95,4.8,No,No,286.77
437,Thriller,2018,130,102.8,23.11,70.41,2913,7.1,66,79,9.4,Yes,Yes,924.87
438,Sci-Fi,2022,79,53.14,8.39,38.44,2434,7.0,75,97,8.4,No,No,592.32
439,Horror,2019,114,33.1,10.14,38.67,2164,8.3,71,99,5.5,No,No,259.02
440,Thriller,2024,117,43.23,9.79,26.54,2123,7.2,66,98,5.9,No,No,344.5
441,Romance,2025,107,28.52,8.97,21.73,1261,8.1,98,90,4.1,No,No,232.72
442,Comedy,2019,84,52.65,27.59,55.07,2711,6.3,55,89,7.6,No,No,324.18
443,Action,2025,108,94.43,30.43,57.16,2837,7.6,72,99,8.4,Yes,No,1117.82
444,Horror,2016,148,54.02,27.07,23.43,2837,6.5,74,73,3.9,Yes,No,350.84
445,Thriller,2010,127,255.62,100.25,94.55,3331,6.7,76,78,2.3,No,No,940.15
446,Comedy,2016,138,72.33,18.0,57.48,2705,6.8,74,71,7.0,Yes,Yes,594.86
447,Drama,2019,91,63.87,18.67,40.51,2258,6.7,55,69,6.5,No,No,293.92
448,Action,2014,120,30.48,5.6,29.7,2146,6.7,83,69,5.2,No,No,373.58
449,Action,2015,117,47.1,13.35,37.38,2112,8.1,85,86,7.2,No,No,587.19
450,Drama,2019,117,33.15,13.96,28.6,2370,7.1,91,85,6.4,No,No,200.36
451,Sci-Fi,2016,126,13.46,2.41,11.57,1840,7.3,75,78,4.0,Yes,Yes,351.48
452,Drama,2023,118,103.61,24.05,65.74,2207,6.7,85,81,5.2,No,No,409.32
453,Action,2024,91,39.44,11.93,22.68,2198,7.8,98,92,5.4,No,No,498.77
454,Action,2014,127,33.55,18.21,36.88,1995,7.4,77,82,9.0,No,No,515.47
455,Thriller,2016,132,63.07,29.26,65.07,2326,6.9,86,80,9.7,Yes,Yes,763.54
456,Fantasy,2018,141,76.74,34.03,52.55,897,5.8,53,65,9.1,No,No,599.52
457,Comedy,2012,142,44.65,8.77,45.45,2543,7.3,84,82,7.8,Yes,Yes,516.21
458,Drama,2025,125,54.91,25.39,31.77,2137,7.6,96,81,6.7,No,No,252.62
459,Comedy,2017,92,89.33,41.46,43.45,1930,6.3,76,76,7.5,Yes,No,595.63
460,Drama,2011,84,43.52,16.99,47.71,2653,6.9,98,76,9.5,No,No,299.68
461,Romance,2020,110,66.94,36.56,41.65,2721,7.5,89,77,4.0,No,No,283.87
462,Action,2016,133,18.71,5.24,24.25,1805,5.8,62,75,6.3,Yes,No,485.04
463,Fantasy,2022,132,24.54,12.92,32.89,1445,6.6,98,84,7.5,Yes,No,569.04
464,Thriller,2011,120,81.53,42.06,62.39,2623,7.4,98,96,7.4,No,No,534.64
465,Fantasy,2024,114,23.72,3.67,19.49,2075,8.0,72,83,4.0,Yes,No,444.24
466,Fantasy,2023,153,64.04,21.14,48.04,2839,8.8,88,96,6.7,No,No,607.72
467,Fantasy,2013,126,49.99,27.04,33.29,2028,8.7,85,99,8.4,No,No,582.63
468,Comedy,2016,113,43.4,8.3,14.98,2788,7.2,86,79,5.8,No,No,292.88
469,Drama,2012,102,32.1,11.85,32.59,1819,6.7,81,84,8.3,No,No,183.25
470,Adventure,2011,95,99.33,53.8,66.04,2021,7.8,92,94,4.9,Yes,Yes,1200.0
471,Romance,2020,93,169.32,63.02,92.44,2758,6.7,59,83,9.5,Yes,No,794.93
472,Horror,2019,95,66.85,15.1,32.06,2370,6.5,67,90,6.3,Yes,Yes,439.52
473,Fantasy,2016,121,67.83,25.97,40.39,2378,6.9,76,87,6.8,No,No,572.24
474,Sci-Fi,2010,115,35.3,8.18,2.9,2282,6.8,58,81,2.3,No,No,230.86
475,Comedy,2023,108,25.28,9.05,26.97,1982,7.4,73,84,3.4,No,No,140.85
476,Thriller,2024,130,53.6,9.63,26.5,2771,6.6,88,77,7.1,Yes,Yes,474.19
477,Horror,2017,151,29.21,11.46,20.82,1932,7.2,64,74,5.4,No,No,160.49
478,Adventure,2012,99,17.38,6.2,45.54,958,8.4,98,80,6.1,No,No,512.39
479,Sci-Fi,2021,102,92.72,41.36,43.04,2574,7.2,91,88,2.5,No,No,619.76
480,Adventure,2021,75,95.7,38.5,61.98,1658,8.3,88,99,8.7,No,No,887.09
481,Horror,2022,114,31.47,11.64,30.81,2219,8.1,83,90,8.3,No,No,225.33
482,Fantasy,2011,112,64.45,27.45,42.92,2909,7.6,92,99,3.5,Yes,Yes,868.21
483,Sci-Fi,2012,133,105.49,21.9,48.46,2256,6.8,68,78,7.1,No,No,757.83
484,Adventure,2014,113,62.84,24.39,45.4,3075,7.9,80,73,8.5,No,No,737.61
485,Thriller,2020,103,25.32,5.54,25.36,2449,6.9,77,89,7.1,No,No,338.42
486,Drama,2017,119,47.27,24.59,13.34,2829,7.1,58,79,4.5,No,No,206.7
487,Action,2019,126,130.29,23.1,71.28,3067,7.4,68,95,7.2,Yes,Yes,1200.0
488,Drama,2016,83,64.58,20.8,24.2,1885,7.1,76,72,3.7,No,No,202.5
489,Horror,2016,135,78.08,33.44,23.87,2893,6.5,78,81,4.5,No,No,299.64
490,Comedy,2021,141,68.68,22.88,29.6,2106,5.9,59,64,3.9,Yes,No,330.83
491,Action,2016,126,31.54,5.89,32.96,2143,7.9,85,93,6.5,No,No,436.59
492,Romance,2024,96,36.74,13.64,27.75,2045,7.6,68,95,2.9,No,No,157.94
493,Thriller,2017,108,68.55,27.88,42.18,2979,5.7,74,74,9.5,No,No,432.78
494,Romance,2010,139,93.53,40.36,49.95,3007,6.5,75,78,4.7,No,No,338.58
495,Sci-Fi,2013,95,112.42,33.65,33.04,2771,7.2,83,72,3.8,No,No,773.29
496,Action,2022,128,31.49,11.82,28.57,1108,7.5,88,94,6.0,Yes,Yes,663.81
497,Romance,2015,114,72.88,24.07,27.65,2138,5.9,68,80,4.2,No,No,245.85
498,Romance,2018,118,118.97,49.83,74.39,3223,7.0,73,73,6.3,No,No,453.33
499,Adventure,2022,98,28.95,11.1,28.02,2201,7.5,94,79,4.8,No,No,545.58
500,Drama,2011,122,144.56,52.09,80.26,2349,6.8,78,90,3.1,No,No,451.84
501,Adventure,2010,120,159.6,39.87,70.43,2333,7.3,79,83,4.1,No,No,1025.98
502,Action,2025,85,300.0,45.24,145.56,4598,6.7,75,71,5.5,Yes,Yes,1200.0
503,Action,2022,115,63.91,14.04,33.17,1847,7.8,86,92,2.2,Yes,Yes,782.94
504,Horror,2019,127,64.14,12.62,39.15,1897,6.5,71,71,8.2,No,No,252.78
505,Adventure,2021,107,94.15,31.04,48.86,2984,6.2,74,75,7.0,No,No,769.47
506,Animation,2023,75,92.38,36.48,49.69,3233,7.1,70,79,6.8,No,No,746.2
507,Drama,2011,113,114.37,26.9,58.49,2454,6.0,59,69,6.4,No,No,398.07
508,Action,2016,144,91.56,48.13,33.56,2602,5.4,68,76,6.7,No,No,691.1
509,Horror,2012,108,51.34,7.84,44.82,2225,8.0,87,70,9.5,No,No,405.79
510,Adventure,2019,144,121.71,55.86,54.83,2813,6.3,81,80,2.1,No,No,865.33
511,Drama,2011,99,27.41,10.97,19.65,2067,6.0,72,81,2.4,No,No,163.6
512,Adventure,2023,92,55.21,16.53,21.58,2675,6.5,67,71,3.5,No,No,354.1
513,Romance,2020,115,151.98,25.87,84.09,2831,6.4,78,84,3.3,No,No,537.89
514,Horror,2016,99,24.4,9.78,8.16,1257,7.0,90,73,3.4,Yes,Yes,210.32
515,Drama,2022,122,35.41,10.77,1.0,2964,6.2,74,68,7.4,No,No,129.69
516,Fantasy,2022,108,85.11,44.64,63.09,3111,7.5,90,80,5.7,Yes,Yes,1154.48
517,Sci-Fi,2011,144,71.05,26.06,44.75,1888,7.6,82,97,9.9,Yes,Yes,1093.05
518,Sci-Fi,2025,106,31.14,16.38,23.98,2148,6.1,79,57,3.8,Yes,Yes,568.05
519,Drama,2025,117,41.96,9.99,11.7,2683,6.6,68,93,4.5,Yes,No,223.44
520,Adventure,2012,127,25.53,11.24,47.46,2404,6.7,78,76,9.9,No,No,593.28
521,Horror,2020,134,104.03,41.29,53.41,2967,7.0,98,88,8.7,Yes,No,605.23
522,Sci-Fi,2016,145,46.57,20.76,26.7,2134,8.0,93,97,5.8,Yes,No,689.04
523,Horror,2023,110,176.31,41.59,101.46,4250,8.0,84,93,6.4,No,No,679.4
524,Sci-Fi,2013,107,57.98,24.12,54.21,2432,9.1,95,98,8.7,No,No,745.0
525,Romance,2022,77,47.68,16.65,44.57,1972,5.3,60,76,5.8,Yes,Yes,350.03
526,Adventure,2023,156,44.76,20.01,25.85,2638,6.4,81,71,3.6,No,No,458.2
527,Romance,2010,122,46.93,13.18,40.51,2270,8.6,95,91,8.6,No,No,272.82
528,Sci-Fi,2022,130,59.11,29.91,31.14,2507,5.7,59,77,6.3,No,No,507.81
529,Fantasy,2023,126,281.57,51.73,80.83,4436,8.5,86,98,3.2,No,No,1200.0
530,Fantasy,2014,116,44.13,20.87,42.37,2446,7.2,82,96,6.0,Yes,Yes,736.02
531,Romance,2021,122,45.07,22.29,28.7,1716,7.2,80,83,5.3,No,No,204.1
532,Fantasy,2018,104,57.4,27.37,55.47,1591,6.1,74,67,9.0,No,No,576.77
533,Sci-Fi,2025,109,111.72,39.67,72.52,3523,6.7,84,81,3.0,Yes,No,1126.68
534,Drama,2017,96,21.84,7.11,45.89,2121,8.5,98,93,9.0,No,No,287.91
535,Romance,2021,146,73.93,40.55,33.86,2851,7.1,64,77,6.1,No,No,314.61
536,Comedy,2024,126,32.33,7.81,43.55,1211,6.7,82,86,5.2,No,No,281.19
537,Adventure,2018,155,78.8,29.06,24.97,3043,7.4,83,99,3.3,No,No,592.51
538,Fantasy,2019,161,39.9,16.69,15.72,1898,6.9,59,79,7.6,No,No,372.16
539,Fantasy,2023,87,12.3,5.29,15.22,1508,7.4,94,77,9.4,No,No,387.95
540,Action,2018,135,69.93,16.2,36.17,2398,6.4,76,75,5.0,No,No,529.94
541,Animation,2024,88,69.55,28.63,33.06,1937,7.0,86,87,3.9,No,No,504.76
542,Romance,2016,119,37.75,18.02,30.89,2139,6.6,57,80,6.4,No,No,259.18
543,Thriller,2013,121,36.32,6.17,31.9,2059,5.7,63,80,8.4,No,No,253.11
544,Fantasy,2014,89,23.45,12.07,23.6,2541,7.5,72,93,2.0,No,No,348.78
545,Adventure,2010,100,90.91,14.71,48.78,3375,6.1,91,63,7.1,No,No,728.8
546,Comedy,2023,122,97.59,28.53,70.14,3419,7.0,89,78,6.8,No,No,457.71
547,Fantasy,2010,119,31.06,4.86,25.69,947,7.8,79,78,4.5,No,No,358.41
548,Comedy,2012,95,38.72,7.0,34.6,1681,5.9,52,81,5.6,No,No,210.52
549,Sci-Fi,2022,101,52.78,27.15,40.8,1138,7.6,86,70,4.0,Yes,Yes,871.9
550,Sci-Fi,2023,85,240.66,70.26,136.62,3369,6.9,88,69,8.3,No,No,1200.0
551,Animation,2017,91,78.39,25.08,48.22,2181,6.3,54,70,7.1,Yes,Yes,942.99
552,Drama,2023,108,29.79,7.03,23.68,2273,8.7,86,99,6.3,Yes,Yes,318.17
553,Thriller,2011,135,67.01,26.06,44.58,2143,7.1,68,78,5.1,Yes,Yes,625.24
554,Action,2013,137,22.48,8.72,16.64,1756,6.6,83,75,4.3,No,No,288.35
555,Animation,2011,152,87.71,26.21,54.87,2680,6.5,69,74,8.6,No,No,752.44
556,Horror,2023,123,163.44,46.29,42.05,2416,7.8,83,92,5.6,No,No,503.92
557,Action,2014,119,163.89,82.6,83.9,2856,6.6,76,67,6.0,No,No,1200.0
558,Romance,2018,125,88.68,26.9,41.43,2346,7.7,76,80,6.2,No,No,341.18
559,Adventure,2025,125,37.64,13.08,18.79,2038,7.1,65,98,5.6,No,No,390.62
560,Horror,2010,83,23.61,6.22,32.23,2051,8.0,98,96,4.0,No,No,228.28
561,Horror,2014,153,22.14,10.29,28.55,2750,6.3,86,82,3.0,No,No,236.25
562,Animation,2023,76,8.88,2.74,1.0,2334,6.4,74,77,2.8,No,No,109.06
563,Drama,2024,138,86.34,30.69,59.81,2192,6.9,80,80,8.1,No,No,394.78
564,Animation,2018,116,51.44,12.93,49.32,2132,6.9,90,85,3.8,No,No,553.95
565,Romance,2024,93,99.32,54.14,27.29,2529,6.8,78,87,2.4,No,No,285.72
566,Fantasy,2010,126,139.15,37.1,67.41,2795,9.2,96,99,8.4,No,No,990.47
567,Fantasy,2018,113,58.69,26.9,28.23,2464,8.8,96,99,3.2,Yes,Yes,808.6
568,Drama,2017,101,60.47,19.41,44.56,1414,7.3,95,94,7.0,Yes,Yes,411.1
569,Romance,2013,87,40.67,9.46,28.13,2606,7.4,83,64,4.7,No,No,255.21
570,Drama,2021,86,43.92,20.64,32.35,3042,6.9,70,89,3.0,Yes,Yes,325.91
571,Comedy,2020,103,88.31,25.03,53.94,2460,6.3,72,71,5.3,No,No,398.18
572,Fantasy,2019,107,49.11,24.36,32.38,2097,7.0,85,87,2.1,Yes,Yes,672.77
573,Horror,2014,91,44.7,23.07,29.58,2281,7.7,90,83,8.7,No,No,337.36
574,Thriller,2022,116,54.35,26.85,58.33,2799,8.1,95,81,6.1,Yes,Yes,685.7
575,Adventure,2014,94,97.85,16.05,42.58,2519,7.9,79,94,3.1,No,No,753.83
576,Romance,2020,122,35.06,16.3,26.36,2583,5.9,75,57,3.9,No,No,232.7
577,Action,2021,140,52.67,16.57,48.61,2518,6.9,77,77,5.6,Yes,Yes,939.49
578,Drama,2015,121,64.51,32.22,40.61,3561,5.9,60,64,3.5,No,No,286.21
579,Adventure,2016,113,116.92,47.37,58.43,2688,8.0,96,90,4.1,Yes,Yes,1200.0
580,Action,2017,104,47.08,22.76,36.68,1236,6.8,71,87,6.3,No,No,465.51
581,Adventure,2024,144,34.49,12.06,15.73,1394,7.1,63,79,8.7,No,No,357.66
582,Thriller,2023,111,40.15,14.62,26.11,2167,7.5,73,90,5.2,Yes,No,424.02
583,Action,2017,165,109.05,22.66,73.54,3295,9.3,98,99,7.7,No,No,1029.9
584,Animation,2020,91,206.23,95.61,120.53,3330,7.3,87,80,9.0,No,No,1200.0
585,Sci-Fi,2023,121,23.42,7.44,11.95,1895,6.9,68,76,3.7,No,No,244.36
586,Animation,2022,143,26.99,9.45,35.86,2385,6.1,67,85,8.5,No,No,422.47
587,Fantasy,2011,101,49.28,22.87,60.34,1761,8.3,79,94,8.1,Yes,Yes,947.95
588,Sci-Fi,2018,110,59.11,23.03,24.78,2026,7.0,88,87,4.9,No,No,480.25
589,Animation,2016,128,91.73,21.14,52.92,2042,8.4,98,99,9.9,Yes,No,1015.6
590,Sci-Fi,2013,123,30.82,11.9,30.07,2666,8.0,98,81,4.1,Yes,Yes,702.73
591,Sci-Fi,2013,126,27.56,8.63,27.27,2819,6.7,85,72,4.0,Yes,Yes,615.33
592,Horror,2020,138,60.16,20.32,34.08,1552,6.0,77,75,8.2,Yes,No,395.74
593,Drama,2017,108,46.5,7.5,10.9,2147,7.3,60,66,5.5,No,No,175.69
594,Drama,2013,144,100.45,23.51,45.3,3408,6.6,76,76,4.6,No,No,375.95
595,Horror,2022,81,75.5,19.81,26.37,2679,7.1,74,75,3.4,No,No,274.06
596,Adventure,2024,137,78.91,34.34,66.99,2266,7.9,96,99,8.1,Yes,Yes,1200.0
597,Comedy,2015,138,51.39,7.94,21.86,1489,5.8,41,73,8.3,No,No,203.09
598,Adventure,2014,100,254.29,79.72,143.76,4665,7.3,83,96,6.5,No,No,1200.0
599,Action,2012,86,31.91,16.58,44.8,2267,7.7,83,89,9.7,Yes,Yes,891.73
600,Action,2022,110,81.81,15.93,25.94,1800,7.7,96,88,4.5,No,No,544.37
601,Sci-Fi,2023,123,24.1,8.59,35.49,2612,6.0,83,69,3.8,No,No,398.6
602,Animation,2019,108,27.37,12.72,31.35,1246,7.4,73,81,7.4,No,No,376.78
603,Animation,2020,125,37.06,19.53,39.97,2023,8.1,80,99,8.1,No,No,451.83
604,Drama,2011,154,158.6,71.17,54.27,3095,7.4,84,93,3.8,No,No,480.71
605,Romance,2018,88,65.29,28.61,49.84,3197,7.0,95,72,2.6,No,No,263.16
606,Adventure,2019,76,37.47,18.01,27.18,2007,8.0,89,99,8.5,Yes,No,718.52
607,Fantasy,2018,114,70.16,23.05,46.86,2299,6.5,60,73,9.8,No,No,675.83
608,Thriller,2010,101,56.27,26.58,31.05,1625,5.9,61,74,7.2,Yes,Yes,490.96
609,Animation,2019,105,39.95,6.12,18.97,1839,6.9,79,89,4.2,No,No,351.51
610,Thriller,2012,140,22.19,11.53,34.13,1591,7.5,85,73,10.0,No,No,327.71
611,Sci-Fi,2017,113,140.1,45.86,93.0,2678,7.9,80,84,9.1,No,No,1142.15
612,Thriller,2015,114,63.04,23.41,30.72,2371,7.5,77,99,6.1,No,No,362.92
613,Fantasy,2014,106,225.94,56.93,103.67,2616,7.8,76,88,8.6,No,No,1200.0
614,Horror,2014,114,101.35,45.3,70.47,1957,7.9,98,99,8.5,No,No,509.05
615,Fantasy,2015,120,78.7,14.22,52.7,2453,6.8,68,76,9.5,No,No,653.1
616,Thriller,2024,171,41.45,20.69,26.05,2234,7.0,73,81,8.7,No,No,341.83
617,Fantasy,2016,121,26.99,12.99,31.51,1926,8.1,84,99,7.1,No,No,470.03
618,Comedy,2010,138,47.74,11.29,51.53,2209,6.1,53,77,6.9,Yes,Yes,488.05
619,Sci-Fi,2018,119,26.48,12.54,26.97,1834,7.4,73,83,5.7,No,No,402.85
620,Adventure,2012,75,83.93,38.99,45.44,2546,6.5,85,71,7.0,No,No,772.58
621,Horror,2013,104,158.94,64.03,78.46,3448,8.0,76,87,8.4,Yes,Yes,914.6
622,Animation,2019,121,46.42,13.9,51.15,2431,7.1,69,94,9.8,No,No,595.51
623,Action,2010,129,101.62,26.28,49.33,2370,7.1,66,90,5.7,No,No,735.35
624,Adventure,2022,119,35.14,8.53,32.12,2574,8.5,92,87,6.6,No,No,577.59
625,Action,2020,133,45.18,12.53,44.77,2285,6.2,89,75,5.6,No,No,491.11
626,Sci-Fi,2019,86,32.38,16.56,30.43,2708,7.3,80,84,7.3,No,No,482.69
627,Horror,2012,116,13.75,2.49,29.17,2640,7.0,79,85,7.0,No,No,268.51
628,Drama,2011,142,53.71,25.86,23.47,1562,7.5,75,82,2.1,No,No,208.49
629,Animation,2011,96,59.79,17.31,37.34,1909,8.6,93,99,6.3,Yes,Yes,831.06
630,Comedy,2023,137,109.96,39.44,39.52,3196,6.6,86,78,2.7,Yes,Yes,695.77
631,Drama,2010,136,92.24,43.15,43.33,1798,6.1,70,76,2.2,No,No,278.03
632,Sci-Fi,2017,90,93.05,46.87,53.47,3348,6.5,94,70,8.3,No,No,779.66
633,Adventure,2012,122,29.2,8.41,14.95,1891,6.9,90,74,4.1,Yes,Yes,482.1
634,Comedy,2025,118,74.14,24.82,35.35,2755,7.2,79,99,4.7,No,No,360.73
635,Fantasy,2012,111,153.86,48.59,80.56,3127,7.2,79,99,2.5,Yes,Yes,1200.0
636,Thriller,2015,84,70.4,10.93,40.33,1737,8.5,98,96,3.4,No,No,451.94
637,Comedy,2022,110,180.53,48.45,115.05,3953,8.4,93,99,8.1,Yes,Yes,1200.0
638,Sci-Fi,2017,112,204.31,68.17,96.48,5000,8.1,98,99,5.9,Yes,No,1200.0
639,Romance,2022,81,46.19,14.52,32.26,1958,9.1,98,97,9.0,Yes,No,375.18
640,Thriller,2024,89,34.96,15.34,28.07,1953,7.8,84,83,5.2,No,No,302.95
641,Action,2018,96,33.53,10.19,38.88,777,8.0,92,98,4.1,No,No,446.65
642,Animation,2018,94,20.53,7.1,23.72,2661,7.7,95,91,4.8,Yes,No,532.45
643,Action,2013,122,39.27,12.64,49.47,2609,7.6,92,84,7.7,No,No,559.44
644,Comedy,2023,133,120.58,53.81,91.97,2019,7.4,90,92,6.4,Yes,Yes,880.54
645,Action,2014,109,13.13,6.5,26.09,886,6.8,63,67,9.2,No,No,349.26
646,Sci-Fi,2011,130,28.02,10.16,17.97,1078,6.1,61,74,6.8,No,No,319.05
647,Fantasy,2020,134,50.64,23.59,18.02,2578,7.0,73,71,5.9,No,No,400.26
648,Adventure,2018,113,31.1,8.36,28.78,2452,7.6,96,77,8.3,No,No,491.93
649,Animation,2017,123,39.04,14.31,34.34,1690,7.2,68,78,9.6,Yes,Yes,796.66
650,Action,2012,111,39.42,11.36,22.6,2404,6.2,85,77,4.8,No,No,405.49
651,Action,2020,93,46.52,14.69,40.56,2298,7.0,86,76,4.0,No,No,468.19
652,Comedy,2021,100,34.23,15.16,36.46,1924,6.9,89,70,6.9,No,No,254.19
653,Adventure,2022,122,32.46,16.32,33.78,2577,7.1,70,87,6.0,Yes,Yes,777.68
654,Drama,2018,113,100.95,20.05,61.31,2106,7.5,84,99,9.9,No,No,368.41
655,Action,2012,130,108.81,43.94,42.78,3353,7.7,88,95,5.7,No,No,844.56
656,Sci-Fi,2018,77,22.42,8.58,28.73,1638,6.7,78,95,2.6,No,No,295.29
657,Romance,2011,82,9.15,1.81,29.86,2773,7.9,90,99,9.8,Yes,Yes,355.72
658,Animation,2021,84,109.79,25.77,76.07,2285,8.0,85,88,8.7,No,No,891.91
659,Action,2019,118,24.74,6.79,27.22,1847,7.4,83,92,3.4,Yes,No,442.04
660,Sci-Fi,2018,87,63.16,13.69,51.28,2398,7.6,94,87,9.2,No,No,652.58
661,Sci-Fi,2024,121,19.88,4.92,33.2,2005,7.9,75,99,4.7,Yes,No,569.96
662,Animation,2017,130,127.85,32.86,50.99,3196,6.2,85,73,5.0,No,No,846.99
663,Drama,2018,145,287.35,81.68,165.4,3743,7.9,97,84,9.3,No,No,906.32
664,Sci-Fi,2014,143,61.94,27.86,43.61,2339,6.5,63,89,6.2,Yes,No,812.98
665,Romance,2020,101,51.74,19.6,32.95,2335,6.5,77,80,3.1,Yes,Yes,355.55
666,Sci-Fi,2020,82,44.61,24.29,40.68,1938,7.3,90,79,5.0,Yes,Yes,880.39
667,Sci-Fi,2011,102,91.42,28.88,55.84,2825,5.4,50,62,7.8,No,No,682.79
668,Sci-Fi,2017,135,79.55,35.92,47.55,1843,7.2,80,78,3.4,No,No,662.32
669,Fantasy,2021,107,105.59,52.65,65.52,2587,7.9,86,82,6.7,No,No,824.7
670,Fantasy,2024,115,36.57,15.42,31.22,1753,5.8,60,66,7.6,Yes,No,561.88
671,Drama,2015,104,68.61,21.59,42.54,2256,8.0,89,95,4.8,No,No,384.75
672,Action,2017,147,38.66,17.45,29.72,2871,6.5,67,78,7.6,No,No,494.62
673,Sci-Fi,2020,95,27.66,6.4,23.64,2782,7.3,95,81,9.1,No,No,410.08
674,Adventure,2014,116,53.55,15.05,27.14,2917,6.7,69,92,5.8,No,No,557.12
675,Action,2025,137,30.2,11.13,42.29,1841,7.6,92,70,5.1,No,No,505.39
676,Drama,2019,152,117.95,44.84,61.82,3315,7.9,70,94,4.0,No,No,447.7
677,Horror,2011,101,31.41,4.99,43.49,2139,7.6,82,87,6.8,No,No,318.73
678,Action,2015,134,69.66,36.78,48.71,2450,7.1,79,74,9.0,Yes,Yes,1105.05
679,Action,2014,102,37.16,15.93,34.38,2096,6.7,73,82,4.6,Yes,No,571.23
680,Thriller,2021,143,65.85,22.93,35.7,3272,7.0,74,80,5.2,No,No,413.93
681,Comedy,2025,150,39.12,20.47,12.64,2835,7.6,77,99,5.3,No,No,208.91
682,Thriller,2022,97,24.29,7.91,24.63,2391,7.7,93,97,6.5,Yes,Yes,428.96
683,Romance,2021,128,75.32,40.84,43.73,2393,7.5,93,99,3.8,Yes,No,483.9
684,Fantasy,2014,137,47.2,16.75,43.65,2245,6.1,68,69,8.6,No,No,511.52
685,Fantasy,2022,109,66.24,12.96,26.95,2661,7.1,68,96,4.4,No,No,403.4
686,Comedy,2010,126,41.62,18.98,42.08,1914,6.6,92,68,7.6,Yes,Yes,486.22
687,Animation,2011,127,23.2,9.78,17.0,2478,7.6,75,87,6.1,No,No,391.07
688,Animation,2017,155,111.21,51.07,63.74,2340,6.5,58,73,6.7,No,No,819.67
689,Drama,2022,76,88.79,47.11,50.61,2795,7.5,63,92,3.4,No,No,387.88
690,Comedy,2025,114,38.05,17.53,39.28,998,6.9,78,86,7.9,Yes,Yes,417.4
691,Action,2023,90,57.55,22.71,15.39,2043,5.6,62,60,3.5,No,No,381.83
692,Animation,2022,115,108.27,53.37,53.65,3813,7.8,96,96,2.9,No,No,749.21
693,Sci-Fi,2012,99,40.86,17.13,45.81,2686,7.1,85,80,6.4,Yes,Yes,869.19
694,Adventure,2019,110,45.2,14.16,44.7,2975,8.1,92,86,7.7,No,No,664.27
695,Action,2012,98,64.44,32.49,24.71,2046,5.8,63,70,2.4,No,No,399.01
696,Romance,2017,118,40.81,9.74,28.38,2219,6.9,88,68,2.6,Yes,No,310.79
697,Sci-Fi,2017,136,96.01,41.85,58.1,3305,6.9,96,89,8.4,No,No,864.42
698,Sci-Fi,2011,108,49.28,24.77,33.27,2560,7.3,91,84,8.5,Yes,Yes,864.27
699,Comedy,2017,144,33.04,14.62,31.76,2352,6.0,63,72,4.0,Yes,Yes,355.64
700,Drama,2020,136,81.69,35.04,53.36,3351,7.5,91,86,6.9,No,No,347.27
701,Romance,2022,156,26.18,11.81,37.47,1515,8.6,90,99,5.5,Yes,Yes,331.14
702,Animation,2022,123,203.77,68.47,94.45,3542,7.5,72,99,7.1,No,No,1200.0
703,Comedy,2010,114,153.85,76.87,102.89,2308,7.2,71,96,8.9,No,No,680.97
704,Animation,2015,83,76.79,17.77,30.52,1944,6.0,64,71,2.6,Yes,Yes,696.91
705,Comedy,2017,99,72.7,14.61,44.51,2991,6.5,74,67,8.2,Yes,Yes,566.48
706,Comedy,2012,111,70.52,18.63,53.01,1976,7.1,98,83,5.9,No,No,395.09
707,Comedy,2025,113,40.02,14.51,28.05,2528,6.7,66,82,6.5,No,No,154.45
708,Drama,2017,162,66.73,23.64,53.39,3230,7.9,98,98,7.2,Yes,No,469.18
709,Comedy,2021,111,30.18,14.43,28.87,1983,7.5,80,90,9.4,Yes,No,360.62
710,Horror,2010,80,76.31,23.8,30.91,2747,9.3,81,96,2.5,No,No,320.95
711,Adventure,2020,128,96.68,33.23,45.95,3042,6.3,66,70,2.2,Yes,Yes,1067.41
712,Animation,2020,127,43.02,6.68,28.61,1576,7.1,91,77,3.4,No,No,379.15
713,Action,2025,106,37.36,11.73,40.16,1828,6.0,71,77,9.9,No,No,517.46
714,Thriller,2018,158,25.01,10.23,19.81,1523,5.3,65,70,7.7,No,No,198.58
715,Romance,2022,77,141.88,22.16,64.64,2809,7.7,98,95,6.9,Yes,No,616.38
716,Fantasy,2020,140,39.34,10.32,25.02,2512,7.5,73,90,2.4,Yes,Yes,538.77
717,Drama,2022,109,48.33,11.27,24.64,1937,6.4,61,57,9.0,No,No,243.8
718,Action,2018,96,66.85,11.15,42.97,2384,7.2,57,68,8.5,Yes,Yes,969.67
719,Sci-Fi,2014,163,66.07,22.58,45.11,1873,6.6,83,77,7.3,Yes,Yes,904.95
720,Horror,2019,130,89.35,19.9,37.19,3217,6.7,81,80,4.7,No,No,301.54
721,Fantasy,2013,109,42.98,19.22,9.29,1914,6.8,83,91,2.6,Yes,Yes,472.21
722,Thriller,2024,109,26.24,12.84,24.22,2798,6.4,60,77,6.6,No,No,288.82
723,Action,2020,121,23.42,8.62,28.37,2041,6.5,57,68,7.8,No,No,433.21
724,Fantasy,2015,106,37.74,20.48,28.47,1436,6.5,60,83,2.8,No,No,311.49
725,Action,2021,141,29.63,9.78,17.96,1981,7.4,73,86,7.1,No,No,328.27
726,Horror,2016,117,45.15,16.04,43.06,1675,4.9,73,57,4.3,No,No,237.61
727,Thriller,2014,135,128.67,70.21,94.71,3253,6.9,87,66,8.1,Yes,Yes,1196.84
728,Sci-Fi,2020,119,43.04,10.44,28.9,2057,6.2,65,75,6.3,No,No,408.0
729,Comedy,2022,132,43.03,22.68,37.66,2269,6.3,74,77,3.0,No,No,258.04
730,Animation,2019,142,54.42,9.1,27.22,2105,6.7,68,70,6.2,No,No,448.9
731,Sci-Fi,2018,149,42.25,13.88,15.54,1903,7.1,83,90,5.2,Yes,No,540.94
732,Comedy,2012,125,52.64,9.37,22.19,1787,6.9,66,87,3.4,No,No,257.4
733,Drama,2024,98,78.17,34.53,52.68,2922,6.2,78,74,8.7,No,No,407.94
734,Adventure,2016,112,97.75,38.45,33.71,2593,7.7,77,89,2.1,No,No,688.95
735,Romance,2019,114,105.58,45.68,40.63,2593,6.4,80,85,4.5,No,No,293.12
736,Romance,2019,104,209.41,62.78,108.94,3586,6.5,69,80,2.1,No,No,619.07
737,Animation,2025,100,79.63,23.71,21.11,2177,7.3,73,79,2.8,No,No,520.19
738,Thriller,2020,118,235.04,39.52,86.61,3760,7.4,98,84,4.4,No,No,893.28
739,Horror,2014,95,33.2,9.63,9.54,2202,6.6,76,83,2.4,Yes,No,268.17
740,Thriller,2023,91,214.15,111.73,59.8,3210,4.8,53,42,6.8,Yes,No,1117.42
741,Horror,2016,81,42.95,12.96,21.84,1742,6.4,80,68,2.7,No,No,263.42
742,Thriller,2024,125,45.79,22.1,29.21,2901,7.2,67,90,7.6,No,No,357.97
743,Adventure,2011,122,50.88,24.78,38.54,2077,7.7,96,99,2.4,No,No,530.58
744,Drama,2013,109,47.71,14.28,28.87,1954,7.0,77,91,2.5,Yes,No,245.65
745,Drama,2011,135,58.16,23.43,43.62,1652,6.7,81,87,4.4,Yes,Yes,432.26
746,Comedy,2023,95,37.72,7.1,38.76,2565,8.9,82,99,9.2,Yes,Yes,465.8
747,Fantasy,2022,123,94.33,18.06,52.62,2121,6.8,72,71,7.1,No,No,623.87
748,Drama,2022,116,38.4,6.51,37.58,2138,7.6,84,86,8.2,No,No,252.74
749,Drama,2021,100,84.22,32.21,30.9,1704,6.0,78,54,3.1,Yes,Yes,325.91
750,Sci-Fi,2016,105,148.47,47.57,87.36,3545,6.2,77,86,8.7,No,No,1091.68
751,Sci-Fi,2011,104,43.61,16.1,17.17,2781,7.6,80,81,2.1,No,No,438.0
752,Comedy,2025,120,92.17,33.04,56.31,2872,7.9,90,86,3.7,Yes,No,597.71
753,Fantasy,2022,127,79.11,22.95,67.64,1745,6.8,89,90,6.9,No,No,649.97
754,Animation,2023,106,237.87,100.14,71.98,4360,5.6,62,53,5.0,No,No,1200.0
755,Sci-Fi,2020,101,39.61,17.96,52.03,1743,7.0,75,71,9.9,Yes,Yes,934.08
756,Animation,2010,118,92.22,14.37,22.34,2044,7.3,62,87,2.2,Yes,Yes,708.86
757,Action,2018,82,19.11,4.45,30.91,1780,7.2,77,89,10.0,Yes,Yes,710.62
758,Sci-Fi,2010,116,39.85,17.35,32.61,1957,6.6,57,77,7.0,No,No,431.4
759,Adventure,2017,146,69.2,21.08,24.95,2170,7.0,77,82,6.5,No,No,528.2
760,Fantasy,2024,101,136.03,56.45,69.7,3661,6.5,83,88,2.5,No,No,898.08
761,Comedy,2011,111,24.79,7.16,8.56,3029,6.2,49,80,4.2,Yes,Yes,250.98
762,Action,2021,135,91.68,28.08,52.18,1941,7.7,97,94,9.4,No,No,747.51
763,Fantasy,2025,130,52.79,11.27,17.18,1931,7.2,77,91,4.8,No,No,356.91
764,Adventure,2017,116,20.46,5.18,20.01,2056,7.0,78,79,7.3,No,No,413.08
765,Fantasy,2022,114,61.89,24.27,52.35,2163,6.7,70,99,10.0,No,No,610.77
766,Adventure,2012,90,167.05,54.0,62.36,3503,7.0,61,61,4.1,No,No,1051.46
767,Adventure,2025,125,26.55,12.21,29.73,2497,7.2,72,97,6.6,No,No,447.78
768,Animation,2015,88,51.21,25.15,26.45,2636,8.5,98,99,7.6,No,No,557.73
769,Thriller,2012,75,28.96,10.62,14.31,2366,7.6,73,90,3.3,No,No,215.17
770,Action,2023,135,40.56,18.39,36.09,2995,6.6,58,79,3.2,Yes,No,606.4
771,Fantasy,2016,123,139.52,38.06,92.27,2261,6.6,75,77,5.7,No,No,920.98
772,Horror,2019,133,46.1,14.57,41.79,2955,6.5,72,87,5.1,No,No,233.98
773,Action,2018,100,136.78,59.51,48.33,2825,6.9,74,81,7.7,No,No,915.44
774,Thriller,2025,124,113.09,34.43,40.03,3210,6.5,73,70,2.6,Yes,No,596.18
775,Action,2011,106,43.45,16.75,27.45,1676,7.5,89,95,9.8,Yes,Yes,838.84
776,Drama,2024,108,39.67,8.89,18.02,1703,5.0,52,76,2.1,Yes,Yes,205.33
777,Horror,2021,134,30.72,11.98,38.35,2408,7.5,85,70,6.8,Yes,No,321.35
778,Thriller,2021,112,30.03,14.85,18.83,1106,7.3,91,99,6.5,No,No,206.25
779,Animation,2024,101,69.19,34.42,27.93,2917,8.1,79,84,3.1,No,No,512.21
780,Fantasy,2023,88,54.3,23.88,21.12,2919,7.8,63,81,3.2,Yes,Yes,703.11
781,Romance,2014,122,36.67,16.44,36.93,2219,6.6,81,67,8.3,Yes,No,325.39
782,Thriller,2022,136,20.1,7.5,29.72,2052,7.7,98,89,9.1,No,No,307.0
783,Comedy,2015,99,58.93,22.62,21.45,1914,7.0,78,70,4.3,Yes,Yes,371.89
784,Fantasy,2013,129,40.53,8.25,22.98,2502,5.6,66,58,5.5,No,No,349.27
785,Thriller,2013,96,48.44,15.87,32.09,2410,7.2,77,78,4.8,Yes,Yes,503.11
786,Drama,2025,130,67.04,22.14,36.92,1943,6.6,90,79,2.6,Yes,Yes,363.03
787,Romance,2013,116,10.82,5.77,19.8,1702,7.1,78,85,7.4,Yes,Yes,213.3
788,Drama,2011,120,20.3,6.55,26.74,1903,8.4,90,99,8.6,Yes,Yes,358.05
789,Romance,2013,101,244.7,90.47,97.31,3806,7.3,90,96,4.4,No,No,741.82
790,Comedy,2020,122,39.57,14.38,37.58,1475,6.3,66,84,9.9,Yes,Yes,399.04
791,Fantasy,2025,103,10.71,4.33,9.66,2246,7.9,74,89,2.6,No,No,258.78
792,Animation,2010,107,21.43,9.63,22.47,1871,7.4,91,69,7.3,No,No,350.19
793,Drama,2021,85,276.51,66.37,128.06,4296,6.2,64,57,5.6,Yes,Yes,1166.39
794,Drama,2015,100,34.83,12.59,17.3,1824,5.8,56,79,5.6,Yes,Yes,297.22
795,Adventure,2010,104,116.83,56.12,65.66,3089,6.3,92,83,5.7,No,No,962.12
796,Romance,2019,121,59.5,19.95,40.52,2435,7.8,84,84,4.1,No,No,293.41
797,Sci-Fi,2015,127,40.13,10.49,32.82,2768,6.9,82,68,7.7,No,No,547.45
798,Fantasy,2010,103,91.05,37.5,47.87,2860,7.2,80,75,7.8,Yes,Yes,1051.53
799,Romance,2015,112,11.68,5.6,1.0,1804,6.0,59,74,4.3,Yes,Yes,138.14
800,Adventure,2019,149,21.55,3.78,34.62,1624,7.8,93,92,8.7,Yes,No,700.31
801,Action,2017,118,39.94,18.4,29.81,2592,5.5,66,76,4.5,No,No,373.3
802,Romance,2020,104,22.98,11.0,22.21,1866,6.6,67,74,7.8,No,No,233.36
803,Animation,2011,81,37.71,12.62,13.97,2054,7.4,86,84,3.0,No,No,273.57
804,Fantasy,2011,98,95.8,52.05,47.62,2576,6.2,65,84,3.3,No,No,633.01
805,Adventure,2023,97,59.93,27.85,34.44,2139,7.6,73,69,4.5,Yes,Yes,861.65
806,Action,2025,155,130.61,60.01,74.05,2898,6.4,60,79,6.8,No,No,1035.18
807,Horror,2024,98,62.45,28.05,36.03,3325,6.1,72,70,7.2,No,No,277.39
808,Adventure,2022,116,104.84,22.04,44.13,2220,8.1,85,99,5.2,Yes,No,1018.61
809,Horror,2021,122,52.76,12.5,51.41,1868,7.2,95,89,2.6,No,No,248.89
810,Fantasy,2013,137,37.47,12.57,28.84,2829,7.5,83,81,5.0,No,No,370.88
811,Drama,2020,115,143.98,36.8,64.48,2908,7.9,79,86,7.5,No,No,462.76
812,Adventure,2012,105,34.68,10.96,34.68,1887,5.0,60,41,7.4,No,No,419.58
813,Comedy,2013,103,68.77,34.76,34.67,2936,7.6,71,95,3.3,Yes,Yes,513.07
814,Horror,2022,122,90.66,43.49,48.41,1906,6.5,72,79,2.1,No,No,335.72
815,Animation,2021,101,95.04,38.21,57.78,3066,6.6,77,91,8.0,Yes,Yes,1171.69
816,Comedy,2016,93,25.79,12.72,12.27,2055,7.4,84,82,2.9,No,No,157.89
817,Thriller,2022,105,108.97,50.51,47.44,3013,6.8,89,88,2.7,Yes,Yes,752.05
818,Thriller,2020,89,29.11,9.36,15.78,2285,7.6,98,78,2.0,No,No,194.23
819,Action,2010,152,93.16,21.47,61.45,2324,7.1,86,59,5.5,No,No,755.44
820,Drama,2015,127,77.88,27.7,52.0,3027,7.2,92,83,6.0,No,No,360.85
821,Fantasy,2024,147,93.64,41.62,38.55,2368,6.7,98,74,7.1,Yes,No,890.35
822,Adventure,2024,125,25.13,8.16,15.14,2231,6.2,60,65,4.4,Yes,Yes,415.09
823,Sci-Fi,2025,145,80.6,33.59,42.85,3144,6.5,74,85,7.7,No,No,697.57
824,Animation,2012,122,111.38,20.91,38.19,3492,7.0,73,93,3.4,No,No,646.92
825,Horror,2020,130,62.37,28.02,53.09,2228,8.6,98,99,8.7,No,No,445.11
826,Fantasy,2019,75,32.31,15.35,37.27,2322,8.3,94,93,6.6,Yes,Yes,689.93
827,Comedy,2016,97,100.0,43.27,54.47,2520,6.6,66,79,6.7,No,No,440.61
828,Thriller,2019,116,59.23,31.8,20.66,3585,7.1,79,77,3.7,No,No,381.24
829,Animation,2011,116,18.52,8.9,20.65,2357,6.9,87,86,2.6,No,No,270.52
830,Sci-Fi,2023,113,30.72,15.71,8.97,2119,7.2,67,70,5.7,No,No,298.9
831,Adventure,2011,124,39.07,20.45,30.97,2308,7.3,73,75,6.9,No,No,493.43
832,Action,2022,125,146.37,68.87,60.07,3321,7.5,74,80,2.8,Yes,No,1200.0
833,Sci-Fi,2013,132,130.58,54.8,95.78,3194,4.8,59,65,9.6,Yes,Yes,1200.0
834,Animation,2010,128,130.3,19.84,62.99,2853,7.4,94,83,9.8,No,No,879.5
835,Sci-Fi,2012,139,63.97,21.52,22.57,2179,6.8,56,92,6.4,Yes,No,619.95
836,Animation,2022,139,99.6,37.7,44.41,2620,6.5,74,84,9.6,No,No,708.01
837,Animation,2018,118,26.2,7.12,21.25,1466,7.7,76,82,3.4,No,No,321.71
838,Romance,2016,157,55.24,15.31,26.22,2656,8.3,98,99,2.2,No,No,222.67
839,Horror,2024,142,73.77,39.43,45.73,2063,7.7,83,85,2.3,No,No,342.29
840,Thriller,2016,99,27.35,13.86,37.35,1516,6.7,76,83,6.7,Yes,Yes,416.86
841,Romance,2022,123,63.04,30.87,42.71,2360,6.2,70,82,2.5,Yes,Yes,432.39
842,Adventure,2022,78,164.62,51.43,107.7,3217,4.7,66,69,9.7,No,No,1200.0
843,Romance,2020,82,79.09,12.3,23.65,2637,7.2,98,86,3.1,Yes,No,380.44
844,Drama,2013,105,99.86,18.18,50.12,2415,7.6,73,99,4.4,No,No,330.35
845,Drama,2025,97,11.17,3.07,23.96,1704,7.0,68,86,8.6,No,No,187.34
846,Thriller,2011,105,151.41,23.66,102.62,3509,7.8,89,91,3.7,Yes,Yes,1192.73
847,Sci-Fi,2024,122,48.73,7.64,11.25,2554,6.0,60,69,3.9,Yes,Yes,499.39
848,Horror,2023,140,33.37,17.24,34.13,2395,7.0,87,76,7.1,No,No,318.04
849,Thriller,2013,138,49.1,21.23,38.54,2259,6.9,88,85,4.2,No,No,286.67
850,Animation,2015,123,20.95,5.73,15.69,2073,7.0,73,83,3.7,Yes,No,363.84
851,Comedy,2020,93,108.69,22.07,66.32,2893,8.0,80,94,4.0,No,No,452.6
852,Horror,2020,104,44.23,15.69,53.35,1870,7.0,75,86,5.9,No,No,277.72
853,Horror,2012,128,34.03,5.18,36.85,2843,6.9,78,83,9.7,No,No,325.82
854,Animation,2010,98,49.31,25.91,46.83,2910,6.4,75,94,8.7,Yes,No,767.1
855,Animation,2023,90,113.75,35.94,43.47,3221,8.2,67,89,4.3,Yes,No,1029.56
856,Action,2021,125,59.91,18.63,16.12,2126,6.0,58,76,4.9,No,No,369.6
857,Thriller,2017,114,22.0,6.74,9.06,2268,6.7,71,77,5.7,No,No,228.91
858,Animation,2021,111,74.41,13.22,49.18,2959,8.5,85,75,9.8,No,No,708.09
859,Drama,2022,137,30.07,12.19,12.36,1459,7.5,54,85,3.4,No,No,132.45
860,Adventure,2014,137,13.54,6.0,20.69,2769,7.1,60,75,4.9,No,No,277.92
861,Comedy,2024,151,145.44,61.15,70.05,2239,7.1,66,82,7.8,Yes,Yes,905.27
862,Thriller,2025,102,74.03,15.2,55.54,2819,6.3,70,75,9.7,No,No,454.21
863,Fantasy,2014,124,52.27,19.94,16.12,2997,7.0,74,85,3.2,No,No,436.36
864,Drama,2020,115,43.93,16.6,37.18,2139,6.8,70,75,3.8,No,No,224.71
865,Sci-Fi,2013,122,136.38,67.83,45.62,2952,7.2,88,80,3.8,Yes,Yes,1200.0
866,Animation,2015,92,300.0,90.5,100.51,4834,5.9,75,77,2.2,No,No,1200.0
867,Fantasy,2012,87,73.63,21.99,59.64,3389,7.4,83,79,6.8,Yes,Yes,998.37
868,Animation,2018,114,28.16,11.19,25.0,1913,7.9,88,74,7.4,Yes,Yes,701.63
869,Horror,2014,98,49.75,20.06,35.88,1857,6.9,68,82,6.8,No,No,316.16
870,Drama,2012,134,72.76,24.57,28.04,2243,7.6,77,98,2.6,No,No,253.69
871,Horror,2020,85,11.94,3.91,18.89,1131,7.3,64,91,2.6,No,No,197.6
872,Action,2010,87,68.36,23.77,26.93,2864,6.6,71,80,3.7,No,No,512.25
873,Horror,2019,107,73.04,36.11,58.62,2200,6.3,79,86,4.3,Yes,Yes,587.2
874,Action,2021,84,130.25,43.56,80.85,2868,6.4,86,86,8.3,Yes,Yes,1200.0
875,Action,2015,149,121.72,64.02,64.92,3350,7.3,79,82,3.3,Yes,Yes,1200.0
876,Fantasy,2024,111,59.12,20.79,34.64,2144,7.1,84,85,2.4,Yes,Yes,693.65
877,Animation,2011,103,147.21,77.97,62.29,3504,8.1,60,96,5.2,No,No,1020.25
878,Sci-Fi,2022,124,206.55,99.79,63.91,3140,7.7,81,88,5.3,No,No,1200.0
879,Horror,2012,133,56.01,16.52,38.77,2783,7.7,80,99,5.6,No,No,310.74
880,Drama,2025,119,72.18,35.76,50.63,2621,7.3,96,84,8.6,Yes,No,536.53
881,Action,2010,114,17.44,3.38,1.0,1913,6.3,75,70,2.8,No,No,145.29
882,Animation,2018,95,21.42,11.14,23.17,2058,7.4,87,63,7.6,No,No,377.92
883,Comedy,2017,128,31.9,12.84,12.93,1444,7.2,84,77,4.7,No,No,147.07
884,Thriller,2021,143,41.22,7.08,29.5,2225,6.2,70,62,4.5,Yes,Yes,391.85
885,Fantasy,2011,111,26.97,11.0,44.41,1972,8.1,98,93,9.5,No,No,500.2
886,Sci-Fi,2024,98,53.73,29.0,20.97,1654,8.0,65,81,4.0,Yes,Yes,763.21
887,Romance,2021,119,42.03,7.48,38.8,1843,6.2,71,79,7.1,No,No,216.01
888,Fantasy,2025,115,110.32,41.03,48.38,2728,6.6,85,88,4.2,No,No,669.36
889,Comedy,2020,91,40.4,18.14,26.87,1860,6.7,56,79,6.1,Yes,Yes,368.98
890,Thriller,2017,105,12.44,5.9,24.08,706,7.6,92,79,8.3,No,No,187.25
891,Comedy,2021,151,59.68,18.83,44.32,2875,7.5,75,90,9.1,Yes,Yes,494.72
892,Horror,2023,88,54.49,12.62,45.53,2219,7.1,80,99,8.7,Yes,Yes,446.03
893,Action,2018,101,31.41,5.24,36.19,946,7.3,73,99,6.7,Yes,Yes,681.89
894,Sci-Fi,2010,96,58.5,22.34,26.78,3394,6.1,79,60,4.0,No,No,471.48
895,Adventure,2022,98,27.34,9.05,36.34,2667,7.4,79,73,7.3,No,No,537.52
896,Action,2014,106,68.15,36.09,46.06,2239,7.0,86,67,7.7,No,No,642.11
897,Adventure,2017,124,300.0,52.27,81.3,4079,6.6,78,68,2.1,No,No,1200.0
898,Thriller,2024,141,17.01,7.21,5.02,2155,5.9,59,73,5.5,No,No,92.97
899,Animation,2020,119,39.32,6.29,30.7,2255,7.1,84,78,8.7,No,No,469.6
900,Romance,2023,101,35.43,7.74,17.04,2390,7.4,75,78,5.9,Yes,No,206.85
901,Drama,2011,146,41.5,13.75,21.18,1754,5.7,66,78,4.5,Yes,No,217.17
902,Action,2013,75,106.73,35.43,65.97,3309,7.1,76,88,9.0,Yes,Yes,1200.0
903,Sci-Fi,2016,128,78.27,33.21,47.46,2268,7.2,89,69,3.2,No,No,619.23
904,Comedy,2012,94,95.49,49.09,66.68,3000,6.7,80,88,3.7,Yes,Yes,637.53
905,Sci-Fi,2022,114,56.1,22.75,53.3,1906,7.4,82,91,7.5,Yes,Yes,1044.54
906,Thriller,2025,126,23.29,12.38,25.0,3334,7.0,71,87,4.8,Yes,No,339.1
907,Adventure,2021,83,26.65,13.4,34.69,2388,7.3,68,80,7.7,No,No,442.08
908,Comedy,2014,118,89.34,34.29,36.19,4046,7.5,84,85,3.3,No,No,410.97
909,Drama,2017,119,61.46,29.72,24.18,2767,7.5,77,69,4.0,No,No,282.91
910,Drama,2021,144,124.77,50.79,44.2,2642,7.9,68,99,3.3,Yes,Yes,609.99
911,Action,2019,169,66.55,12.07,43.11,2814,7.4,69,77,9.6,Yes,Yes,1088.04
912,Thriller,2012,84,25.49,11.37,17.69,2480,6.7,91,71,5.2,No,No,212.08
913,Animation,2013,143,39.18,7.36,32.8,2339,6.6,67,70,4.7,No,No,395.42
914,Thriller,2023,114,79.4,30.78,56.23,2830,6.2,81,90,2.1,Yes,Yes,694.33
915,Adventure,2024,99,87.27,37.62,53.7,2966,7.2,76,78,3.2,No,No,808.27
916,Sci-Fi,2018,122,95.89,16.94,69.8,2166,8.2,98,99,5.4,No,No,731.38
917,Drama,2023,89,27.82,6.74,27.58,1518,6.8,88,80,2.5,Yes,Yes,325.99
918,Sci-Fi,2023,90,25.2,13.01,14.11,1630,7.5,75,80,6.1,Yes,Yes,568.37
919,Sci-Fi,2016,80,48.62,19.28,14.15,2301,6.5,53,68,5.6,Yes,No,531.16
920,Sci-Fi,2010,126,140.24,34.85,45.99,2951,7.3,62,79,8.1,No,No,843.27
921,Drama,2023,122,35.03,14.93,35.99,1627,8.1,81,92,7.3,No,No,219.09
922,Fantasy,2021,99,73.93,28.74,30.36,2853,7.6,98,93,5.6,No,No,571.19
923,Horror,2013,145,73.93,25.92,40.61,2607,5.8,62,66,3.8,No,No,306.73
924,Adventure,2013,102,90.18,48.74,75.61,2696,7.6,85,83,7.8,No,No,990.84
925,Fantasy,2018,141,162.26,68.7,87.98,3131,7.6,97,80,7.7,No,No,1121.98
926,Adventure,2015,117,151.8,45.57,64.0,2977,7.2,81,73,3.2,Yes,No,1200.0
927,Comedy,2025,101,37.37,17.56,43.28,1716,7.6,85,77,9.3,Yes,Yes,428.59
928,Thriller,2018,113,14.07,7.09,3.64,2394,6.4,78,85,2.5,Yes,Yes,189.85
929,Thriller,2021,90,35.39,7.08,27.82,1767,7.2,83,79,2.4,No,No,194.5
930,Romance,2024,119,57.77,13.3,37.63,2425,8.0,87,88,3.5,Yes,Yes,403.94
931,Thriller,2015,116,43.48,10.28,39.68,3022,7.9,80,85,9.3,No,No,450.04
932,Drama,2015,126,197.64,84.29,95.43,3413,7.5,84,84,6.2,Yes,Yes,1009.63
933,Animation,2014,133,55.68,21.78,45.68,2781,6.4,83,79,8.3,No,No,557.11
934,Action,2014,117,84.12,33.45,51.37,2841,6.3,89,71,3.8,Yes,Yes,1037.53
935,Romance,2011,85,63.34,33.34,42.4,2526,7.2,83,86,5.9,Yes,No,392.1
936,Action,2017,134,43.9,20.21,29.1,2410,7.2,88,97,4.9,No,No,503.34
937,Adventure,2017,115,15.74,3.17,10.51,1894,7.0,81,75,8.6,No,No,362.94
938,Action,2020,77,52.26,15.1,9.97,2288,6.5,72,73,2.2,No,No,385.67
939,Action,2025,121,300.0,97.25,99.06,4226,7.4,87,92,4.0,Yes,Yes,1200.0
940,Romance,2022,123,24.49,7.55,20.17,2041,7.2,92,97,3.2,Yes,Yes,269.21
941,Comedy,2010,108,16.91,7.06,16.24,1660,7.3,72,74,8.9,No,No,231.64
942,Sci-Fi,2017,111,193.64,98.13,53.18,4046,7.6,69,73,5.7,No,No,1200.0
943,Thriller,2014,103,89.09,24.27,48.73,1752,6.9,72,81,5.2,Yes,No,571.21
944,Thriller,2011,123,62.13,23.03,25.96,2600,6.7,77,78,5.6,No,No,277.13
945,Drama,2023,118,133.36,62.11,97.34,3169,8.0,97,98,9.8,No,No,591.74
946,Romance,2025,97,32.04,10.14,49.2,2211,6.5,63,82,8.8,No,No,356.69
947,Drama,2011,147,51.32,11.15,28.92,2774,6.7,50,79,7.7,No,No,201.18
948,Animation,2023,102,102.33,34.79,63.62,2578,8.1,84,99,4.3,Yes,Yes,1200.0
949,Animation,2024,75,216.82,37.31,62.25,3879,6.7,73,73,3.3,No,No,960.76
950,Drama,2024,106,25.73,13.56,19.72,1173,7.0,66,84,9.4,No,No,256.95
951,Romance,2015,136,126.45,22.75,41.49,2730,6.8,68,69,5.4,No,No,299.41
952,Drama,2025,111,70.49,22.94,35.56,2862,5.7,74,69,4.2,Yes,No,265.27
953,Thriller,2020,82,61.15,22.13,22.97,1681,7.0,79,69,5.8,Yes,Yes,514.92
954,Fantasy,2022,94,54.72,29.77,43.5,2372,6.3,74,65,9.3,No,No,567.45
955,Horror,2018,93,22.36,4.84,18.39,1662,7.3,77,99,5.1,Yes,Yes,310.11
956,Action,2010,103,102.86,20.14,50.12,2670,8.0,80,76,6.5,No,No,814.64
957,Horror,2021,110,33.08,5.08,26.92,1789,5.3,57,63,8.4,Yes,Yes,231.77
958,Romance,2015,125,27.26,5.79,26.67,1422,6.8,81,87,5.4,No,No,168.71
959,Horror,2018,118,97.8,22.78,38.32,2873,7.5,68,99,3.9,Yes,Yes,512.83
960,Animation,2017,119,91.86,36.95,44.34,2602,5.4,79,68,10.0,No,No,646.15
961,Adventure,2020,151,57.9,13.77,51.45,2627,8.2,96,96,9.7,No,No,762.1
962,Action,2015,132,110.95,17.55,36.14,3196,7.4,77,86,8.7,No,No,805.35
963,Sci-Fi,2012,130,138.96,66.79,77.21,3663,8.0,96,99,7.5,No,No,1091.57
964,Romance,2017,79,128.73,38.13,72.45,3025,6.6,86,82,4.4,Yes,Yes,684.73
965,Action,2018,100,39.02,11.37,25.84,2785,6.7,72,74,9.3,No,No,481.71
966,Horror,2010,83,106.33,28.81,38.32,2269,7.0,76,92,4.2,No,No,332.17
967,Animation,2021,100,63.11,34.09,54.58,2822,8.8,98,96,8.4,No,No,725.71
968,Comedy,2018,131,168.88,36.82,89.21,3550,8.2,98,80,9.3,No,No,674.72
969,Fantasy,2023,107,50.75,25.85,56.35,2373,7.2,80,70,6.8,No,No,590.04
970,Sci-Fi,2025,136,43.62,20.1,39.18,2415,7.3,69,83,8.4,No,No,532.91
971,Fantasy,2024,129,36.91,6.67,23.6,1652,7.6,79,89,8.3,Yes,Yes,638.0
972,Action,2025,116,62.2,33.88,44.54,1761,9.0,98,99,3.5,No,No,633.7
973,Animation,2015,137,74.49,19.26,28.09,3325,7.4,72,92,7.3,No,No,594.12
974,Animation,2015,142,75.43,14.29,32.1,2395,7.1,77,84,2.7,Yes,No,631.08
975,Horror,2021,124,69.01,33.24,51.4,2330,6.8,79,89,6.1,No,No,373.74
976,Thriller,2013,120,85.07,36.81,42.37,2014,7.3,72,85,3.3,Yes,Yes,643.54
977,Horror,2010,128,47.59,18.89,19.63,1487,6.6,85,66,5.3,No,No,245.76
978,Thriller,2019,87,31.19,6.62,36.33,2037,7.5,90,73,8.7,No,No,278.08
979,Thriller,2017,113,29.47,10.06,32.1,1894,6.0,88,84,9.9,No,No,310.53
980,Sci-Fi,2025,115,103.66,47.91,55.0,2734,6.9,85,61,4.5,No,No,765.12
981,Horror,2011,108,74.67,20.27,34.98,2516,7.7,75,87,6.3,No,No,322.34
982,Comedy,2021,99,16.46,4.52,33.58,3193,7.4,87,99,6.1,No,No,200.09
983,Drama,2010,135,112.19,16.97,54.96,2640,6.7,85,83,9.6,Yes,Yes,619.02
984,Drama,2011,118,186.72,41.02,97.97,4270,6.9,87,79,5.8,No,No,571.65
985,Horror,2010,120,34.54,17.28,29.19,2932,7.9,79,76,7.6,No,No,263.21
986,Horror,2010,143,68.43,22.36,36.02,2793,6.1,60,88,9.4,No,No,308.76
987,Fantasy,2018,111,40.43,21.98,26.6,2046,6.1,58,84,5.0,Yes,Yes,577.29
988,Sci-Fi,2022,107,82.74,25.51,70.28,1864,6.4,88,82,9.2,No,No,784.44
989,Horror,2023,142,25.78,11.24,27.82,2271,7.1,85,83,9.3,Yes,Yes,444.74
990,Fantasy,2010,85,52.5,13.8,36.04,2782,6.0,60,77,9.4,No,No,471.81
991,Thriller,2022,116,104.08,30.76,56.99,3611,7.9,88,90,4.2,No,No,549.48
992,Animation,2013,100,122.8,27.79,67.51,2430,6.4,71,67,5.2,No,No,900.88
993,Animation,2019,121,72.57,20.96,49.0,2331,7.3,71,94,9.0,No,No,646.15
994,Thriller,2015,126,44.12,16.28,23.84,1725,6.6,74,78,4.9,No,No,306.23
995,Romance,2016,128,19.53,10.68,33.1,1659,7.0,80,87,6.8,No,No,219.51
996,Fantasy,2011,136,33.61,13.97,25.37,2435,5.8,85,69,2.9,No,No,392.55
997,Fantasy,2015,110,40.54,9.31,26.65,1825,7.9,80,95,2.5,No,No,306.05
998,Thriller,2016,111,34.95,5.87,34.35,1702,6.3,54,75,5.3,Yes,Yes,349.08
999,Comedy,2019,126,57.17,11.47,21.93,2713,6.2,60,73,6.6,Yes,No,302.69
1000,Adventure,2023,133,44.04,16.52,30.74,2422,9.0,89,99,5.1,No,No,566.09
